Game,Date,Team,Home,Players,MP,FG,FGA,FG%,3P,3PA,3P%,FT,FTA,FT%,ORB,DRB,TRB,AST,STL,BLK,TOV,PF,PTS,+/-,TS%,eFG%,3PAr,FTr,ORB%,DRB%,TRB%,AST%,STL%,BLK%,TOV%,USG%,ORtg,DRtg
9,11/3/2018,LAL,0,Brandon Ingram\ingrabr01,33:03,3,10,.300,0,0,,2,4,.500,0,6,6,0,1,0,3,2,8,-13,.340,.300,.000,.400,0.0,15.3,8.7,0.0,1.3,0.0,20.3,18.3,56,104
9,11/3/2018,LAL,0,LeBron James\jamesle01,31:21,9,20,.450,1,5,.200,9,11,.818,0,5,5,7,0,2,3,1,28,-22,.564,.475,.250,.550,0.0,13.4,7.7,34.3,0.0,4.4,10.8,36.4,115,105
9,11/3/2018,LAL,0,Kyle Kuzma\kuzmaky01,28:35,5,10,.500,1,3,.333,1,3,.333,0,6,6,0,0,1,1,3,12,-15,.530,.550,.300,.300,0.0,17.7,10.1,0.0,0.0,2.4,8.1,17.7,97,105
9,11/3/2018,LAL,0,JaVale McGee\mcgeeja01,27:04,6,8,.750,0,0,,0,2,.000,3,6,9,1,1,6,2,3,12,-7,.676,.750,.000,.250,12.4,18.7,16.0,5.2,1.6,15.4,18.4,16.5,117,93
9,11/3/2018,LAL,0,Lonzo Ball\balllo01,18:50,1,6,.167,1,4,.250,0,0,,1,2,3,3,0,0,2,1,3,-16,.250,.250,.667,.000,5.9,8.9,7.6,18.0,0.0,0.0,25.0,17.4,66,110
9,11/3/2018,LAL,0,Rajon Rondo\rondora01,25:50,8,10,.800,1,1,1.000,0,0,,1,9,10,6,3,0,4,5,17,+28,.850,.850,.100,.000,4.3,29.3,18.6,37.0,5.2,0.0,28.6,22.2,128,91
9,11/3/2018,LAL,0,Josh Hart\hartjo01,25:18,3,3,1.000,2,2,1.000,3,4,.750,0,0,0,1,1,2,0,2,11,+17,1.155,1.333,.667,1.333,0.0,0.0,0.0,4.8,1.8,5.5,0.0,7.7,230,106
9,11/3/2018,LAL,0,Ivica Zubac\zubaciv01,19:40,4,5,.800,0,0,,1,1,1.000,4,4,8,0,1,0,2,3,9,+15,.827,.800,.000,.200,22.7,17.1,19.5,0.0,2.3,0.0,26.9,15.5,131,101
9,11/3/2018,LAL,0,Lance Stephenson\stephla01,15:14,3,10,.300,1,5,.200,0,0,,0,2,2,2,0,0,2,2,7,+15,.350,.350,.500,.000,0.0,11.1,6.3,17.7,0.0,0.0,16.7,32.3,69,109
9,11/3/2018,LAL,0,Kentavious Caldwell-Pope\caldwke01,15:05,3,4,.750,1,1,1.000,0,0,,0,1,1,0,2,0,1,0,7,+18,.875,.875,.250,.000,0.0,5.6,3.2,0.0,5.9,0.0,20.0,13.6,128,99
9,11/3/2018,LAL,0,Michael Beasley\beaslmi01,Not With Team,Not With Team,Not With Team,Not With Team,Not With Team,Not With Team,Not With Team,Not With Team,Not With Team,Not With Team,Not With Team,Not With Team,Not With Team,Not With Team,Not With Team,Not With Team,Not With Team,Not With Team,Not With Team,Not With Team,Did Not Play,Did Not Play,Did Not Play,Did Not Play,Did Not Play,Did Not Play,Did Not Play,Did Not Play,Did Not Play,Did Not Play,Did Not Play,Did Not Play,Did Not Play,Did Not Play
9,11/3/2018,LAL,0,Johnathan Williams\willijo04,Did Not Play,Did Not Play,Did Not Play,Did Not Play,Did Not Play,Did Not Play,Did Not Play,Did Not Play,Did Not Play,Did Not Play,Did Not Play,Did Not Play,Did Not Play,Did Not Play,Did Not Play,Did Not Play,Did Not Play,Did Not Play,Did Not Play,Did Not Play,Did Not Play,Did Not Play,Did Not Play,Did Not Play,Did Not Play,Did Not Play,Did Not Play,Did Not Play,Did Not Play,Did Not Play,Did Not Play,Did Not Play,Did Not Play,Did Not Play
9,11/3/2018,LAL,0,Sviatoslav Mykhailiuk\mykhasv01,Did Not Play,Did Not Play,Did Not Play,Did Not Play,Did Not Play,Did Not Play,Did Not Play,Did Not Play,Did Not Play,Did Not Play,Did Not Play,Did Not Play,Did Not Play,Did Not Play,Did Not Play,Did Not Play,Did Not Play,Did Not Play,Did Not Play,Did Not Play,Not With Team,Not With Team,Not With Team,Not With Team,Not With Team,Not With Team,Not With Team,Not With Team,Not With Team,Not With Team,Not With Team,Not With Team,Not With Team,Not With Team
10,11/4/2018,LAL,1,Brandon Ingram\ingrabr01,34:15,7,11,.636,0,1,.000,2,3,.667,0,1,1,3,0,1,1,2,16,+1,.649,.636,.091,.273,0.0,3.1,1.6,14.4,0.0,2.2,7.5,16.4,121,123
10,11/4/2018,LAL,1,Kyle Kuzma\kuzmaky01,31:41,10,16,.625,0,4,.000,4,5,.800,0,5,5,2,0,0,3,3,24,-18,.659,.625,.250,.313,0.0,16.8,8.7,12.7,0.0,0.0,14.2,28.2,109,121
10,11/4/2018,LAL,1,LeBron James\jamesle01,28:17,6,12,.500,2,3,.667,4,7,.571,0,2,2,6,0,1,3,3,18,-16,.597,.583,.250,.583,0.0,7.5,3.9,35.3,0.0,2.7,16.6,27.0,106,122
10,11/4/2018,LAL,1,Lonzo Ball\balllo01,23:09,5,7,.714,2,3,.667,0,0,,1,8,9,4,2,0,2,3,12,-1,.857,.857,.429,.000,4.9,36.9,21.4,29.0,4.0,0.0,22.2,16.4,132,106
10,11/4/2018,LAL,1,JaVale McGee\mcgeeja01,17:14,1,6,.167,0,0,,6,6,1.000,3,3,6,2,0,2,2,1,8,-24,.463,.167,.000,1.000,19.9,18.6,19.2,15.4,0.0,8.8,18.8,26.1,99,115
10,11/4/2018,LAL,1,Josh Hart\hartjo01,29:53,1,5,.200,1,4,.250,3,3,1.000,0,5,5,1,3,0,0,0,6,+11,.475,.300,.800,.600,0.0,17.8,9.2,4.3,4.7,0.0,0.0,8.9,106,110
10,11/4/2018,LAL,1,Rajon Rondo\rondora01,24:51,4,9,.444,1,1,1.000,1,2,.500,0,1,1,3,1,0,1,1,10,-13,.506,.500,.111,.222,0.0,4.3,2.2,18.5,1.9,0.0,9.2,18.5,98,120
10,11/4/2018,LAL,1,Kentavious Caldwell-Pope\caldwke01,16:58,1,5,.200,0,4,.000,0,0,,0,2,2,0,0,0,1,0,2,-8,.200,.200,.800,.000,0.0,12.6,6.5,0.0,0.0,0.0,16.7,14.9,34,122
10,11/4/2018,LAL,1,Lance Stephenson\stephla01,12:58,2,8,.250,0,2,.000,0,0,,0,1,1,0,0,0,2,1,4,-10,.250,.250,.250,.000,0.0,8.2,4.3,0.0,0.0,0.0,20.0,32.5,39,124
10,11/4/2018,LAL,1,Ivica Zubac\zubaciv01,11:12,1,3,.333,0,0,,3,3,1.000,2,4,6,1,0,0,1,4,5,+1,.579,.333,.000,1.000,20.4,38.1,29.6,12.3,0.0,0.0,18.8,20.0,118,115
10,11/4/2018,LAL,1,Sviatoslav Mykhailiuk\mykhasv01,9:32,1,3,.333,0,2,.000,0,0,,0,0,0,3,0,0,0,0,2,+7,.333,.333,.667,.000,0.0,0.0,0.0,44.5,0.0,0.0,0.0,13.3,101,126
10,11/4/2018,LAL,1,Johnathan Williams\willijo04,Did Not Play,Did Not Play,Did Not Play,Did Not Play,Did Not Play,Did Not Play,Did Not Play,Did Not Play,Did Not Play,Did Not Play,Did Not Play,Did Not Play,Did Not Play,Did Not Play,Did Not Play,Did Not Play,Did Not Play,Did Not Play,Did Not Play,Did Not Play,Did Not Play,Did Not Play,Did Not Play,Did Not Play,Did Not Play,Did Not Play,Did Not Play,Did Not Play,Did Not Play,Did Not Play,Did Not Play,Did Not Play,Did Not Play,Did Not Play
10,11/4/2018,LAL,1,Moritz Wagner\wagnemo01,Did Not Play,Did Not Play,Did Not Play,Did Not Play,Did Not Play,Did Not Play,Did Not Play,Did Not Play,Did Not Play,Did Not Play,Did Not Play,Did Not Play,Did Not Play,Did Not Play,Did Not Play,Did Not Play,Did Not Play,Did Not Play,Did Not Play,Did Not Play,Did Not Play,Did Not Play,Did Not Play,Did Not Play,Did Not Play,Did Not Play,Did Not Play,Did Not Play,Did Not Play,Did Not Play,Did Not Play,Did Not Play,Did Not Play,Did Not Play
11,11/7/2018,LAL,1,LeBron James\jamesle01,38:32,10,21,.476,3,9,.333,1,2,.500,1,10,11,9,0,2,3,1,24,+3,.548,.548,.429,.095,3.0,27.1,15.7,35.5,0.0,4.9,12.1,27.4,115,110
11,11/7/2018,LAL,1,Brandon Ingram\ingrabr01,34:35,8,14,.571,2,3,.667,2,2,1.000,1,4,5,6,1,2,3,2,20,-2,.672,.643,.214,.143,3.4,12.1,8.0,25.3,1.4,5.4,16.8,21.9,124,111
11,11/7/2018,LAL,1,Kyle Kuzma\kuzmaky01,32:38,8,15,.533,4,7,.571,1,2,.500,0,2,2,1,1,0,2,2,21,+3,.661,.667,.467,.133,0.0,6.4,3.4,4.6,1.5,0.0,11.2,23.2,113,117
11,11/7/2018,LAL,1,JaVale McGee\mcgeeja01,25:04,8,10,.800,0,0,,0,0,,2,2,4,0,0,0,0,1,16,-2,.800,.800,.000,.000,9.3,8.3,8.8,0.0,0.0,0.0,0.0,16.9,162,120
11,11/7/2018,LAL,1,Lonzo Ball\balllo01,21:02,1,6,.167,0,3,.000,1,2,.500,1,4,5,6,3,0,3,2,3,-8,.218,.167,.500,.333,5.6,19.8,13.1,32.8,7.0,0.0,30.4,19.9,72,99
11,11/7/2018,LAL,1,Rajon Rondo\rondora01,26:49,1,7,.143,0,1,.000,0,0,,2,4,6,10,0,0,3,0,2,+10,.143,.143,.143,.000,8.7,15.6,12.3,42.4,0.0,0.0,30.0,15.8,85,118
11,11/7/2018,LAL,1,Tyson Chandler\chandty01,22:56,1,4,.250,0,0,,0,0,,4,4,8,0,0,0,1,3,2,+6,.250,.250,.000,.000,20.4,18.2,19.2,0.0,0.0,0.0,20.0,9.2,86,117
11,11/7/2018,LAL,1,Josh Hart\hartjo01,21:27,5,7,.714,5,7,.714,6,6,1.000,1,3,4,0,1,0,1,2,21,+11,1.089,1.071,1.000,.857,5.5,14.6,10.3,0.0,2.3,0.0,9.4,21.0,184,112
11,11/7/2018,LAL,1,Kentavious Caldwell-Pope\caldwke01,12:57,2,4,.500,1,3,.333,0,0,,0,1,1,0,0,0,0,1,5,+1,.625,.625,.750,.000,0.0,8.1,4.3,0.0,0.0,0.0,0.0,13.1,124,120
11,11/7/2018,LAL,1,Lance Stephenson\stephla01,4:00,0,3,.000,0,1,.000,0,0,,0,1,1,0,0,0,0,0,0,-2,.000,.000,.333,.000,0.0,26.1,13.8,0.0,0.0,0.0,0.0,31.8,0,114
11,11/7/2018,LAL,1,Ivica Zubac\zubaciv01,Did Not Play,Did Not Play,Did Not Play,Did Not Play,Did Not Play,Did Not Play,Did Not Play,Did Not Play,Did Not Play,Did Not Play,Did Not Play,Did Not Play,Did Not Play,Did Not Play,Did Not Play,Did Not Play,Did Not Play,Did Not Play,Did Not Play,Did Not Play,Did Not Play,Did Not Play,Did Not Play,Did Not Play,Did Not Play,Did Not Play,Did Not Play,Did Not Play,Did Not Play,Did Not Play,Did Not Play,Did Not Play,Did Not Play,Did Not Play
11,11/7/2018,LAL,1,Michael Beasley\beaslmi01,Did Not Play,Did Not Play,Did Not Play,Did Not Play,Did Not Play,Did Not Play,Did Not Play,Did Not Play,Did Not Play,Did Not Play,Did Not Play,Did Not Play,Did Not Play,Did Not Play,Did Not Play,Did Not Play,Did Not Play,Did Not Play,Did Not Play,Did Not Play,Did Not Play,Did Not Play,Did Not Play,Did Not Play,Did Not Play,Did Not Play,Did Not Play,Did Not Play,Did Not Play,Did Not Play,Did Not Play,Did Not Play,Did Not Play,Did Not Play
11,11/7/2018,LAL,1,Sviatoslav Mykhailiuk\mykhasv01,Did Not Play,Did Not Play,Did Not Play,Did Not Play,Did Not Play,Did Not Play,Did Not Play,Did Not Play,Did Not Play,Did Not Play,Did Not Play,Did Not Play,Did Not Play,Did Not Play,Did Not Play,Did Not Play,Did Not Play,Did Not Play,Did Not Play,Did Not Play,Did Not Play,Did Not Play,Did Not Play,Did Not Play,Did Not Play,Did Not Play,Did Not Play,Did Not Play,Did Not Play,Did Not Play,Did Not Play,Did Not Play,Did Not Play,Did Not Play
12,11/10/2018,LAL,0,Kyle Kuzma\kuzmaky01,31:28,5,13,.385,1,5,.200,0,0,,1,2,3,3,2,0,1,1,11,0,.423,.423,.385,.000,2.8,5.5,4.2,13.7,3.0,0.0,7.1,17.7,97,87
12,11/10/2018,LAL,0,LeBron James\jamesle01,31:17,10,18,.556,3,6,.500,2,3,.667,1,6,7,2,1,0,3,2,25,+2,.647,.639,.333,.167,2.8,16.7,9.9,12.0,1.5,0.0,13.4,28.4,115,86
12,11/10/2018,LAL,0,Brandon Ingram\ingrabr01,30:21,5,17,.294,0,2,.000,2,2,1.000,2,6,8,2,0,0,0,4,12,+2,.336,.294,.118,.118,5.9,17.3,11.6,9.6,0.0,0.0,0.0,23.5,89,89
12,11/10/2018,LAL,0,JaVale McGee\mcgeeja01,22:54,5,6,.833,0,0,,0,0,,3,5,8,0,1,2,2,0,10,+8,.833,.833,.000,.000,11.6,19.1,15.4,0.0,2.1,6.3,25.0,13.9,121,80
12,11/10/2018,LAL,0,Lonzo Ball\balllo01,19:36,2,10,.200,0,6,.000,0,0,,1,2,3,4,1,0,0,2,4,-2,.200,.200,.600,.000,4.5,8.9,6.7,27.1,2.4,0.0,0.0,20.3,75,87
12,11/10/2018,LAL,0,Rajon Rondo\rondora01,28:24,2,9,.222,1,3,.333,1,4,.250,2,2,4,7,2,0,2,1,6,+17,.279,.278,.333,.444,6.3,6.1,6.2,31.4,3.3,0.0,15.7,17.9,83,86
12,11/10/2018,LAL,0,Tyson Chandler\chandty01,23:27,1,2,.500,0,0,,1,4,.250,5,7,12,0,1,1,4,4,3,+8,.399,.500,.000,2.000,19.0,26.1,22.5,0.0,2.0,3.1,51.5,13.2,61,79
12,11/10/2018,LAL,0,Josh Hart\hartjo01,17:48,4,9,.444,3,7,.429,0,0,,1,4,5,2,2,0,0,2,11,+16,.611,.611,.778,.000,5.0,19.6,12.4,17.9,5.3,0.0,0.0,20.1,140,76
12,11/10/2018,LAL,0,Kentavious Caldwell-Pope\caldwke01,17:40,4,10,.400,2,7,.286,1,2,.500,0,2,2,1,0,0,0,1,11,+14,.506,.500,.700,.200,0.0,9.9,5.0,9.0,0.0,0.0,0.0,24.5,113,92
12,11/10/2018,LAL,0,Lance Stephenson\stephla01,13:47,3,3,1.000,2,2,1.000,0,0,,0,5,5,2,1,0,2,2,8,+12,1.333,1.333,.667,.000,0.0,31.7,16.0,22.8,3.4,0.0,40.0,14.5,135,75
12,11/10/2018,LAL,0,Sviatoslav Mykhailiuk\mykhasv01,1:39,0,0,,0,0,,0,2,.000,0,0,0,0,0,0,0,1,0,-1,.000,.000,.000,.000,53.9,52.9,53.4,0.0,0.0,0.0,0.0,48.3,31,74
12,11/10/2018,LAL,0,Ivica Zubac\zubaciv01,1:39,0,2,.000,0,0,,0,0,,1,1,2,0,0,0,0,0,0,-1,.000,,,,0.0,0.0,0.0,0.0,0.0,0.0,0.0,21.2,0,95
12,11/10/2018,LAL,0,Michael Beasley\beaslmi01,Did Not Play,Did Not Play,Did Not Play,Did Not Play,Did Not Play,Did Not Play,Did Not Play,Did Not Play,Did Not Play,Did Not Play,Did Not Play,Did Not Play,Did Not Play,Did Not Play,Did Not Play,Did Not Play,Did Not Play,Did Not Play,Did Not Play,Did Not Play,Did Not Play,Did Not Play,Did Not Play,Did Not Play,Did Not Play,Did Not Play,Did Not Play,Did Not Play,Did Not Play,Did Not Play,Did Not Play,Did Not Play,Did Not Play,Did Not Play
13,11/11/2018,LAL,1,LeBron James\jamesle01,34:18,10,20,.500,3,9,.333,3,7,.429,3,4,7,4,2,0,4,1,26,+22,.563,.575,.450,.350,8.2,13.7,10.6,22.4,2.7,0.0,14.8,30.4,105,105
13,11/11/2018,LAL,1,Kyle Kuzma\kuzmaky01,31:33,8,18,.444,1,6,.167,1,1,1.000,4,4,8,1,2,0,1,3,18,+14,.488,.472,.333,.056,11.9,14.8,13.2,5.7,2.9,0.0,5.1,23.7,108,104
13,11/11/2018,LAL,1,Brandon Ingram\ingrabr01,28:33,3,8,.375,0,0,,4,6,.667,0,3,3,1,0,1,6,3,10,+12,.470,.375,.000,.750,0.0,12.3,5.5,5.0,0.0,2.9,36.1,22.5,64,110
13,11/11/2018,LAL,1,Lonzo Ball\balllo01,27:05,2,5,.400,2,3,.667,2,2,1.000,0,6,6,11,1,1,3,2,8,+14,.680,.600,.600,.400,0.0,25.9,11.6,55.0,1.7,3.1,33.8,12.6,128,102
13,11/11/2018,LAL,1,JaVale McGee\mcgeeja01,26:41,3,9,.333,0,1,.000,2,4,.500,3,6,9,1,1,3,1,2,8,+2,.372,.333,.111,.444,10.6,26.3,17.6,5.4,1.7,9.3,8.5,17.0,90,97
13,11/11/2018,LAL,1,Josh Hart\hartjo01,22:42,3,9,.333,2,7,.286,1,2,.500,0,1,1,2,1,0,2,2,9,+1,.455,.444,.778,.222,0.0,5.2,2.3,13.0,2.0,0.0,16.8,20.2,87,109
13,11/11/2018,LAL,1,Tyson Chandler\chandty01,21:19,2,4,.500,0,0,,0,0,,5,0,5,1,2,3,2,3,4,-1,.500,.500,.000,.000,22.1,0.0,12.2,6.5,4.3,11.6,33.3,10.8,98,97
13,11/11/2018,LAL,1,Rajon Rondo\rondora01,16:23,1,4,.250,0,1,.000,0,0,,1,5,6,5,0,0,1,2,2,-17,.250,.250,.250,.000,5.7,35.7,19.1,40.6,0.0,0.0,20.0,11.8,97,105
13,11/11/2018,LAL,1,Kentavious Caldwell-Pope\caldwke01,15:58,4,8,.500,3,6,.500,0,0,,1,1,2,2,2,0,1,2,11,-24,.688,.688,.750,.000,5.9,7.3,6.5,22.3,5.8,0.0,11.1,21.7,129,99
13,11/11/2018,LAL,1,Lance Stephenson\stephla01,15:28,3,7,.429,3,5,.600,2,2,1.000,0,1,1,0,1,1,1,3,11,-18,.698,.643,.714,.286,0.0,7.6,3.4,0.0,3.0,5.4,11.3,22.1,123,102
13,11/11/2018,LAL,1,Michael Beasley\beaslmi01,Not With Team,Not With Team,Not With Team,Not With Team,Not With Team,Not With Team,Not With Team,Not With Team,Not With Team,Not With Team,Not With Team,Not With Team,Not With Team,Not With Team,Not With Team,Not With Team,Not With Team,Not With Team,Not With Team,Not With Team,Did Not Play,Did Not Play,Did Not Play,Did Not Play,Did Not Play,Did Not Play,Did Not Play,Did Not Play,Did Not Play,Did Not Play,Did Not Play,Did Not Play,Did Not Play,Did Not Play
13,11/11/2018,LAL,1,Sviatoslav Mykhailiuk\mykhasv01,Did Not Play,Did Not Play,Did Not Play,Did Not Play,Did Not Play,Did Not Play,Did Not Play,Did Not Play,Did Not Play,Did Not Play,Did Not Play,Did Not Play,Did Not Play,Did Not Play,Did Not Play,Did Not Play,Did Not Play,Did Not Play,Did Not Play,Did Not Play,Not With Team,Not With Team,Not With Team,Not With Team,Not With Team,Not With Team,Not With Team,Not With Team,Not With Team,Not With Team,Not With Team,Not With Team,Not With Team,Not With Team
13,11/11/2018,LAL,1,Moritz Wagner\wagnemo01,Did Not Play,Did Not Play,Did Not Play,Did Not Play,Did Not Play,Did Not Play,Did Not Play,Did Not Play,Did Not Play,Did Not Play,Did Not Play,Did Not Play,Did Not Play,Did Not Play,Did Not Play,Did Not Play,Did Not Play,Did Not Play,Did Not Play,Did Not Play,Did Not Play,Did Not Play,Did Not Play,Did Not Play,Did Not Play,Did Not Play,Did Not Play,Did Not Play,Did Not Play,Did Not Play,Did Not Play,Did Not Play,Did Not Play,Did Not Play
14,11/14/2018,LAL,1,LeBron James\jamesle01,36:00,13,19,.684,5,6,.833,13,15,.867,2,8,10,9,1,3,4,0,44,+4,.859,.816,.316,.789,5.7,22.2,14.0,45.0,1.3,6.7,13.5,33.6,158,110
14,11/14/2018,LAL,1,Brandon Ingram\ingrabr01,32:21,6,15,.400,1,3,.333,4,5,.800,0,2,2,4,1,0,0,2,17,0,.494,.433,.200,.333,0.0,6.2,3.1,16.9,1.4,0.0,0.0,21.7,116,119
14,11/14/2018,LAL,1,Lonzo Ball\balllo01,32:06,4,11,.364,3,5,.600,0,0,,5,1,6,3,1,0,2,4,11,+7,.500,.500,.455,.000,15.9,3.1,9.4,11.8,1.4,0.0,15.4,16.6,113,120
14,11/14/2018,LAL,1,Kyle Kuzma\kuzmaky01,25:04,3,8,.375,1,2,.500,0,0,,0,5,5,0,1,0,1,0,7,+5,.438,.438,.250,.000,0.0,19.9,10.1,0.0,1.8,0.0,11.1,14.7,78,114
14,11/14/2018,LAL,1,JaVale McGee\mcgeeja01,23:55,9,12,.750,0,0,,2,2,1.000,2,2,4,0,2,2,1,3,20,+5,.776,.750,.000,.167,8.5,8.4,8.5,0.0,3.9,6.7,7.2,23.7,144,108
14,11/14/2018,LAL,1,Josh Hart\hartjo01,23:51,2,7,.286,2,6,.333,0,0,,0,5,5,1,0,1,2,2,6,+5,.429,.429,.857,.000,0.0,21.0,10.6,5.0,0.0,3.4,22.2,15.4,72,115
14,11/14/2018,LAL,1,Tyson Chandler\chandty01,20:42,1,1,1.000,0,0,,2,2,1.000,2,4,6,1,0,0,0,4,4,+6,1.064,1.000,.000,2.000,9.9,19.3,14.6,5.6,0.0,0.0,0.0,3.7,229,118
14,11/14/2018,LAL,1,Kentavious Caldwell-Pope\caldwke01,17:22,4,8,.500,3,4,.750,2,2,1.000,0,4,4,2,2,0,1,2,13,+7,.732,.688,.500,.250,0.0,23.0,11.6,16.8,5.3,0.0,10.1,23.3,136,105
14,11/14/2018,LAL,1,Rajon Rondo\rondora01,15:54,0,4,.000,0,1,.000,0,0,,0,2,2,3,2,0,1,0,0,+2,.000,.000,.250,.000,0.0,12.6,6.4,20.6,5.8,0.0,20.0,12.9,39,107
14,11/14/2018,LAL,1,Lance Stephenson\stephla01,12:45,2,8,.250,0,5,.000,0,0,,0,4,4,2,1,0,1,1,4,+4,.250,.250,.625,.000,0.0,31.4,15.9,20.6,3.6,0.0,11.1,28.9,61,106
14,11/14/2018,LAL,1,Sviatoslav Mykhailiuk\mykhasv01,Did Not Play,Did Not Play,Did Not Play,Did Not Play,Did Not Play,Did Not Play,Did Not Play,Did Not Play,Did Not Play,Did Not Play,Did Not Play,Did Not Play,Did Not Play,Did Not Play,Did Not Play,Did Not Play,Did Not Play,Did Not Play,Did Not Play,Did Not Play,Did Not Play,Did Not Play,Did Not Play,Did Not Play,Did Not Play,Did Not Play,Did Not Play,Did Not Play,Did Not Play,Did Not Play,Did Not Play,Did Not Play,Did Not Play,Did Not Play
14,11/14/2018,LAL,1,Michael Beasley\beaslmi01,Did Not Play,Did Not Play,Did Not Play,Did Not Play,Did Not Play,Did Not Play,Did Not Play,Did Not Play,Did Not Play,Did Not Play,Did Not Play,Did Not Play,Did Not Play,Did Not Play,Did Not Play,Did Not Play,Did Not Play,Did Not Play,Did Not Play,Did Not Play,Did Not Play,Did Not Play,Did Not Play,Did Not Play,Did Not Play,Did Not Play,Did Not Play,Did Not Play,Did Not Play,Did Not Play,Did Not Play,Did Not Play,Did Not Play,Did Not Play
14,11/14/2018,LAL,1,Ivica Zubac\zubaciv01,Did Not Play,Did Not Play,Did Not Play,Did Not Play,Did Not Play,Did Not Play,Did Not Play,Did Not Play,Did Not Play,Did Not Play,Did Not Play,Did Not Play,Did Not Play,Did Not Play,Did Not Play,Did Not Play,Did Not Play,Did Not Play,Did Not Play,Did Not Play,Did Not Play,Did Not Play,Did Not Play,Did Not Play,Did Not Play,Did Not Play,Did Not Play,Did Not Play,Did Not Play,Did Not Play,Did Not Play,Did Not Play,Did Not Play,Did Not Play
15,11/17/2018,LAL,0,Brandon Ingram\ingrabr01,33:39,7,13,.538,0,2,.000,3,4,.750,0,6,6,7,0,0,0,1,17,-7,.576,.538,.154,.308,0.0,19.5,10.4,30.2,0.0,0.0,0.0,18.3,135,128
15,11/17/2018,LAL,0,Lonzo Ball\balllo01,28:13,0,5,.000,0,3,.000,0,0,,0,5,5,4,2,1,3,4,0,-9,.000,.000,.600,.000,0.0,19.3,10.4,15.8,3.3,2.8,37.5,11.8,30,119
15,11/17/2018,LAL,0,Kyle Kuzma\kuzmaky01,27:09,3,10,.300,1,4,.250,1,2,.500,0,6,6,0,0,2,5,2,8,-7,.368,.350,.400,.200,0.0,24.1,12.9,0.0,0.0,5.8,31.5,24.4,50,123
15,11/17/2018,LAL,0,LeBron James\jamesle01,25:53,8,19,.421,3,6,.500,3,4,.750,0,4,4,7,0,1,3,0,22,-11,.530,.500,.316,.211,0.0,16.9,9.0,46.1,0.0,3.0,12.6,38.3,107,126
15,11/17/2018,LAL,0,JaVale McGee\mcgeeja01,15:55,5,7,.714,0,0,,1,2,.500,3,1,4,0,0,0,1,1,11,-6,.698,.714,.000,.286,23.8,6.9,14.7,0.0,0.0,0.0,11.3,23.3,131,131
15,11/17/2018,LAL,0,Kentavious Caldwell-Pope\caldwke01,28:19,3,9,.333,0,3,.000,4,4,1.000,3,1,4,0,0,0,0,3,10,-6,.465,.333,.333,.444,13.4,3.9,8.3,0.0,0.0,0.0,0.0,15.9,115,131
15,11/17/2018,LAL,0,Lance Stephenson\stephla01,21:40,6,9,.667,1,3,.333,6,6,1.000,1,5,6,3,2,0,1,1,19,-2,.816,.722,.333,.667,5.8,25.2,16.2,22.4,4.3,0.0,7.9,24.3,160,117
15,11/17/2018,LAL,0,Josh Hart\hartjo01,20:11,5,7,.714,3,4,.750,0,0,,0,2,2,1,0,2,0,2,13,-17,.929,.929,.571,.000,0.0,10.8,5.8,7.6,0.0,7.8,0.0,14.5,181,124
15,11/17/2018,LAL,0,Tyson Chandler\chandty01,17:21,1,1,1.000,0,0,,0,0,,0,3,3,0,0,0,1,1,2,-12,1.000,1.000,.000,.000,0.0,18.9,10.1,0.0,0.0,0.0,50.0,4.8,81,128
15,11/17/2018,LAL,0,Sviatoslav Mykhailiuk\mykhasv01,10:30,2,3,.667,2,3,.667,2,2,1.000,0,0,0,0,0,0,0,1,8,+5,1.031,1.000,1.000,.667,0.0,0.0,0.0,0.0,0.0,0.0,0.0,15.4,204,132
15,11/17/2018,LAL,0,Michael Beasley\beaslmi01,9:04,3,6,.500,0,1,.000,1,1,1.000,1,0,1,0,1,0,0,4,7,+5,.543,.500,.167,.167,13.9,0.0,6.5,0.0,5.1,0.0,0.0,29.6,118,120
15,11/17/2018,LAL,0,Moritz Wagner\wagnemo01,2:06,0,1,.000,0,1,.000,0,0,,0,0,0,0,0,0,0,0,0,+2,.000,.000,1.000,.000,0.0,0.0,0.0,0.0,0.0,0.0,0.0,19.9,0,132
15,11/17/2018,LAL,0,Ivica Zubac\zubaciv01,Did Not Play,Did Not Play,Did Not Play,Did Not Play,Did Not Play,Did Not Play,Did Not Play,Did Not Play,Did Not Play,Did Not Play,Did Not Play,Did Not Play,Did Not Play,Did Not Play,Did Not Play,Did Not Play,Did Not Play,Did Not Play,Did Not Play,Did Not Play,Did Not Play,Did Not Play,Did Not Play,Did Not Play,Did Not Play,Did Not Play,Did Not Play,Did Not Play,Did Not Play,Did Not Play,Did Not Play,Did Not Play,Did Not Play,Did Not Play
16,11/18/2018,LAL,0,LeBron James\jamesle01,38:29,19,31,.613,6,8,.750,7,10,.700,1,7,8,3,2,1,2,3,51,+20,.720,.710,.258,.323,2.5,18.2,10.2,20.4,2.6,2.3,5.3,41.2,143,99
16,11/18/2018,LAL,0,Brandon Ingram\ingrabr01,35:53,6,15,.400,0,1,.000,1,1,1.000,1,6,7,1,0,1,1,2,13,+7,.421,.400,.067,.067,2.7,16.7,9.6,3.9,0.0,2.4,6.1,19.4,92,106
16,11/18/2018,LAL,0,JaVale McGee\mcgeeja01,23:45,2,6,.333,0,0,,2,2,1.000,1,2,3,2,2,0,0,1,6,-4,.436,.333,.000,.333,4.0,8.4,6.2,10.6,4.3,0.0,0.0,12.3,117,101
16,11/18/2018,LAL,0,Lonzo Ball\balllo01,21:45,1,6,.167,0,4,.000,0,0,,1,5,6,7,0,0,1,0,2,-3,.167,.167,.667,.000,4.4,23.0,13.5,38.8,0.0,0.0,14.3,13.6,85,105
16,11/18/2018,LAL,0,Kyle Kuzma\kuzmaky01,21:06,7,12,.583,1,3,.333,0,0,,0,1,1,1,1,0,1,2,15,+2,.625,.625,.250,.000,0.0,4.7,2.3,8.7,2.4,0.0,7.7,26.1,120,106
16,11/18/2018,LAL,0,Josh Hart\hartjo01,29:03,2,7,.286,1,4,.250,0,0,,3,3,6,1,0,1,1,3,5,+22,.357,.357,.571,.000,9.9,10.3,10.1,4.3,0.0,3.0,12.5,11.7,93,108
16,11/18/2018,LAL,0,Kentavious Caldwell-Pope\caldwke01,28:00,4,11,.364,3,5,.600,8,8,1.000,2,2,4,0,1,1,1,2,19,+7,.654,.500,.455,.727,6.9,7.1,7.0,0.0,1.8,3.1,6.4,23.5,139,105
16,11/18/2018,LAL,0,Tyson Chandler\chandty01,23:48,1,3,.333,0,0,,0,0,,5,6,11,0,1,0,2,4,2,+21,.333,.333,.000,.000,20.2,25.2,22.6,0.0,2.1,0.0,40.0,8.9,88,99
16,11/18/2018,LAL,0,Lance Stephenson\stephla01,14:56,0,4,.000,0,2,.000,0,0,,0,4,4,1,0,1,0,2,0,+7,.000,.000,.500,.000,0.0,26.8,13.1,7.7,0.0,5.8,0.0,11.4,18,99
16,11/18/2018,LAL,0,Sviatoslav Mykhailiuk\mykhasv01,3:15,0,0,,0,0,,0,0,,0,0,0,0,0,0,0,0,0,+1,,,,,0.0,0.0,0.0,0.0,0.0,0.0,,0.0,0,114
16,11/18/2018,LAL,0,Ivica Zubac\zubaciv01,Did Not Play,Did Not Play,Did Not Play,Did Not Play,Did Not Play,Did Not Play,Did Not Play,Did Not Play,Did Not Play,Did Not Play,Did Not Play,Did Not Play,Did Not Play,Did Not Play,Did Not Play,Did Not Play,Did Not Play,Did Not Play,Did Not Play,Did Not Play,Did Not Play,Did Not Play,Did Not Play,Did Not Play,Did Not Play,Did Not Play,Did Not Play,Did Not Play,Did Not Play,Did Not Play,Did Not Play,Did Not Play,Did Not Play,Did Not Play
16,11/18/2018,LAL,0,Michael Beasley\beaslmi01,Did Not Play,Did Not Play,Did Not Play,Did Not Play,Did Not Play,Did Not Play,Did Not Play,Did Not Play,Did Not Play,Did Not Play,Did Not Play,Did Not Play,Did Not Play,Did Not Play,Did Not Play,Did Not Play,Did Not Play,Did Not Play,Did Not Play,Did Not Play,Did Not Play,Did Not Play,Did Not Play,Did Not Play,Did Not Play,Did Not Play,Did Not Play,Did Not Play,Did Not Play,Did Not Play,Did Not Play,Did Not Play,Did Not Play,Did Not Play
16,11/18/2018,LAL,0,Moritz Wagner\wagnemo01,Did Not Play,Did Not Play,Did Not Play,Did Not Play,Did Not Play,Did Not Play,Did Not Play,Did Not Play,Did Not Play,Did Not Play,Did Not Play,Did Not Play,Did Not Play,Did Not Play,Did Not Play,Did Not Play,Did Not Play,Did Not Play,Did Not Play,Did Not Play,Did Not Play,Did Not Play,Did Not Play,Did Not Play,Did Not Play,Did Not Play,Did Not Play,Did Not Play,Did Not Play,Did Not Play,Did Not Play,Did Not Play,Did Not Play,Did Not Play
17,11/21/2018,LAL,0,Lonzo Ball\balllo01,36:20,7,11,.636,1,2,.500,0,1,.000,1,6,7,6,1,0,3,3,15,+16,.656,.682,.182,.091,3.5,13.4,9.5,25.8,1.4,0.0,20.8,18.1,115,111
17,11/21/2018,LAL,0,Brandon Ingram\ingrabr01,35:38,5,10,.500,1,1,1.000,3,6,.500,1,2,3,3,0,0,2,3,14,+15,.554,.550,.100,.600,3.5,4.6,4.2,12.1,0.0,0.0,13.7,18.7,106,119
17,11/21/2018,LAL,0,LeBron James\jamesle01,35:30,11,20,.550,2,6,.333,8,12,.667,2,12,14,7,0,1,4,3,32,+9,.633,.600,.300,.600,7.1,27.5,19.5,37.7,0.0,2.0,13.7,37.6,120,106
17,11/21/2018,LAL,0,Kyle Kuzma\kuzmaky01,28:41,4,9,.444,2,5,.400,2,2,1.000,0,5,5,0,0,2,2,3,12,+13,.607,.556,.556,.222,0.0,14.2,8.6,0.0,0.0,4.9,16.8,18.9,97,110
17,11/21/2018,LAL,0,JaVale McGee\mcgeeja01,24:46,6,6,1.000,0,0,,0,0,,1,4,5,2,0,3,2,3,12,+7,1.000,1.000,.000,.000,5.1,13.1,10.0,13.7,0.0,8.6,25.0,14.7,144,108
17,11/21/2018,LAL,0,Kentavious Caldwell-Pope\caldwke01,24:31,3,8,.375,3,6,.500,4,4,1.000,0,5,5,1,1,0,1,3,13,-8,.666,.563,.750,.500,0.0,16.6,10.1,5.7,2.1,0.0,9.3,20.0,125,108
17,11/21/2018,LAL,0,Josh Hart\hartjo01,21:23,2,5,.400,0,3,.000,0,0,,0,4,4,0,0,3,1,1,4,-9,.400,.400,.600,.000,0.0,15.2,9.3,0.0,0.0,9.9,16.7,12.8,65,106
17,11/21/2018,LAL,0,Tyson Chandler\chandty01,19:19,1,3,.333,0,0,,2,2,1.000,2,4,6,1,0,0,0,1,4,-9,.515,.333,.000,.667,13.1,16.8,15.4,6.6,0.0,0.0,0.0,9.2,138,113
17,11/21/2018,LAL,0,Lance Stephenson\stephla01,13:52,1,6,.167,0,2,.000,1,1,1.000,0,2,2,3,0,0,0,0,3,-14,.233,.167,.333,.167,0.0,11.7,7.1,28.4,0.0,0.0,0.0,21.2,76,116
17,11/21/2018,LAL,0,Michael Beasley\beaslmi01,Did Not Play,Did Not Play,Did Not Play,Did Not Play,Did Not Play,Did Not Play,Did Not Play,Did Not Play,Did Not Play,Did Not Play,Did Not Play,Did Not Play,Did Not Play,Did Not Play,Did Not Play,Did Not Play,Did Not Play,Did Not Play,Did Not Play,Did Not Play,Did Not Play,Did Not Play,Did Not Play,Did Not Play,Did Not Play,Did Not Play,Did Not Play,Did Not Play,Did Not Play,Did Not Play,Did Not Play,Did Not Play,Did Not Play,Did Not Play
17,11/21/2018,LAL,0,Moritz Wagner\wagnemo01,Did Not Play,Did Not Play,Did Not Play,Did Not Play,Did Not Play,Did Not Play,Did Not Play,Did Not Play,Did Not Play,Did Not Play,Did Not Play,Did Not Play,Did Not Play,Did Not Play,Did Not Play,Did Not Play,Did Not Play,Did Not Play,Did Not Play,Did Not Play,Did Not Play,Did Not Play,Did Not Play,Did Not Play,Did Not Play,Did Not Play,Did Not Play,Did Not Play,Did Not Play,Did Not Play,Did Not Play,Did Not Play,Did Not Play,Did Not Play
17,11/21/2018,LAL,0,Sviatoslav Mykhailiuk\mykhasv01,Did Not Play,Did Not Play,Did Not Play,Did Not Play,Did Not Play,Did Not Play,Did Not Play,Did Not Play,Did Not Play,Did Not Play,Did Not Play,Did Not Play,Did Not Play,Did Not Play,Did Not Play,Did Not Play,Did Not Play,Did Not Play,Did Not Play,Did Not Play,Did Not Play,Did Not Play,Did Not Play,Did Not Play,Did Not Play,Did Not Play,Did Not Play,Did Not Play,Did Not Play,Did Not Play,Did Not Play,Did Not Play,Did Not Play,Did Not Play
17,11/21/2018,LAL,0,Ivica Zubac\zubaciv01,Did Not Play,Did Not Play,Did Not Play,Did Not Play,Did Not Play,Did Not Play,Did Not Play,Did Not Play,Did Not Play,Did Not Play,Did Not Play,Did Not Play,Did Not Play,Did Not Play,Did Not Play,Did Not Play,Did Not Play,Did Not Play,Did Not Play,Did Not Play,Did Not Play,Did Not Play,Did Not Play,Did Not Play,Did Not Play,Did Not Play,Did Not Play,Did Not Play,Did Not Play,Did Not Play,Did Not Play,Did Not Play,Did Not Play,Did Not Play
18,11/23/2018,LAL,1,Brandon Ingram\ingrabr01,37:20,8,14,.571,2,3,.667,6,10,.600,0,6,6,0,2,0,6,3,24,+10,.652,.643,.214,.714,0.0,15.7,8.8,0.0,2.5,0.0,24.6,28.5,97,82
18,11/23/2018,LAL,1,LeBron James\jamesle01,35:04,8,17,.471,2,5,.400,4,6,.667,1,9,10,7,2,1,5,1,22,+13,.560,.529,.294,.353,3.5,25.1,15.6,38.3,2.7,2.2,20.3,30.7,102,78
18,11/23/2018,LAL,1,Lonzo Ball\balllo01,33:29,4,10,.400,1,2,.500,0,0,,0,10,10,2,0,1,4,4,9,+13,.450,.450,.200,.000,0.0,29.3,16.3,9.5,0.0,2.3,28.6,18.3,70,82
18,11/23/2018,LAL,1,Kyle Kuzma\kuzmaky01,28:55,4,12,.333,1,5,.200,0,1,.000,0,6,6,0,2,0,1,2,9,+5,.362,.375,.417,.083,0.0,20.3,11.3,0.0,3.2,0.0,7.4,20.3,68,79
18,11/23/2018,LAL,1,JaVale McGee\mcgeeja01,27:14,6,9,.667,0,0,,0,0,,1,3,4,0,3,2,2,3,12,+8,.667,.667,.000,.000,4.5,10.8,8.0,0.0,5.1,5.7,18.2,17.6,109,72
18,11/23/2018,LAL,1,Kentavious Caldwell-Pope\caldwke01,26:50,2,7,.286,0,4,.000,1,1,1.000,1,1,2,1,1,1,1,4,5,-11,.336,.286,.571,.143,4.6,3.7,4.1,5.5,1.7,2.9,11.8,13.7,73,83
18,11/23/2018,LAL,1,Tyson Chandler\chandty01,19:03,1,1,1.000,0,0,,0,0,,0,4,4,0,0,0,0,2,2,-1,1.000,1.000,.000,.000,0.0,20.6,11.5,0.0,0.0,0.0,0.0,2.3,200,86
18,11/23/2018,LAL,1,Lance Stephenson\stephla01,17:36,3,7,.429,1,2,.500,0,0,,2,1,3,0,1,0,3,1,7,+1,.500,.500,.286,.000,14.0,5.6,9.3,0.0,2.6,0.0,30.0,24.8,77,83
18,11/23/2018,LAL,1,Josh Hart\hartjo01,14:29,0,2,.000,0,2,.000,0,0,,0,2,2,0,0,0,1,0,0,-3,.000,.000,1.000,.000,0.0,13.5,7.5,0.0,0.0,0.0,33.3,9.0,0,88
18,11/23/2018,LAL,1,Ivica Zubac\zubaciv01,Did Not Play,Did Not Play,Did Not Play,Did Not Play,Did Not Play,Did Not Play,Did Not Play,Did Not Play,Did Not Play,Did Not Play,Did Not Play,Did Not Play,Did Not Play,Did Not Play,Did Not Play,Did Not Play,Did Not Play,Did Not Play,Did Not Play,Did Not Play,Did Not Play,Did Not Play,Did Not Play,Did Not Play,Did Not Play,Did Not Play,Did Not Play,Did Not Play,Did Not Play,Did Not Play,Did Not Play,Did Not Play,Did Not Play,Did Not Play
18,11/23/2018,LAL,1,Moritz Wagner\wagnemo01,Did Not Play,Did Not Play,Did Not Play,Did Not Play,Did Not Play,Did Not Play,Did Not Play,Did Not Play,Did Not Play,Did Not Play,Did Not Play,Did Not Play,Did Not Play,Did Not Play,Did Not Play,Did Not Play,Did Not Play,Did Not Play,Did Not Play,Did Not Play,Did Not Play,Did Not Play,Did Not Play,Did Not Play,Did Not Play,Did Not Play,Did Not Play,Did Not Play,Did Not Play,Did Not Play,Did Not Play,Did Not Play,Did Not Play,Did Not Play
18,11/23/2018,LAL,1,Sviatoslav Mykhailiuk\mykhasv01,Did Not Play,Did Not Play,Did Not Play,Did Not Play,Did Not Play,Did Not Play,Did Not Play,Did Not Play,Did Not Play,Did Not Play,Did Not Play,Did Not Play,Did Not Play,Did Not Play,Did Not Play,Did Not Play,Did Not Play,Did Not Play,Did Not Play,Did Not Play,Did Not Play,Did Not Play,Did Not Play,Did Not Play,Did Not Play,Did Not Play,Did Not Play,Did Not Play,Did Not Play,Did Not Play,Did Not Play,Did Not Play,Did Not Play,Did Not Play
18,11/23/2018,LAL,1,Michael Beasley\beaslmi01,Did Not Play,Did Not Play,Did Not Play,Did Not Play,Did Not Play,Did Not Play,Did Not Play,Did Not Play,Did Not Play,Did Not Play,Did Not Play,Did Not Play,Did Not Play,Did Not Play,Did Not Play,Did Not Play,Did Not Play,Did Not Play,Did Not Play,Did Not Play,Did Not Play,Did Not Play,Did Not Play,Did Not Play,Did Not Play,Did Not Play,Did Not Play,Did Not Play,Did Not Play,Did Not Play,Did Not Play,Did Not Play,Did Not Play,Did Not Play
19,11/25/2018,LAL,1,LeBron James\jamesle01,40:27,8,14,.571,2,7,.286,6,11,.545,0,4,4,7,0,1,6,4,24,-14,.637,.643,.500,.786,0.0,10.3,5.5,30.2,0.0,1.9,24.2,26.6,103,113
19,11/25/2018,LAL,1,Kyle Kuzma\kuzmaky01,34:45,7,15,.467,2,4,.500,5,7,.714,1,3,4,5,1,0,1,1,21,+11,.581,.533,.267,.467,3.4,9.0,6.4,25.3,1.3,0.0,5.2,23.8,120,111
19,11/25/2018,LAL,1,Brandon Ingram\ingrabr01,31:26,7,14,.500,0,2,.000,3,5,.600,1,5,6,1,2,0,5,4,17,+8,.525,.500,.143,.357,3.7,16.6,10.5,5.8,3.0,0.0,23.6,29.3,80,106
19,11/25/2018,LAL,1,Lonzo Ball\balllo01,28:34,4,9,.444,1,2,.500,0,0,,0,10,10,2,0,1,1,1,9,-12,.500,.500,.222,.000,0.0,36.5,19.3,11.1,0.0,2.7,10.0,15.2,93,106
19,11/25/2018,LAL,1,JaVale McGee\mcgeeja01,24:11,5,9,.556,0,1,.000,2,2,1.000,1,6,7,0,0,7,1,3,12,-1,.607,.556,.111,.222,4.8,25.9,16.0,0.0,0.0,22.4,9.2,19.5,110,91
19,11/25/2018,LAL,1,Kentavious Caldwell-Pope\caldwke01,27:16,1,7,.143,1,4,.250,2,2,1.000,1,1,2,1,5,1,1,2,5,+5,.317,.214,.571,.286,4.3,3.8,4.0,5.0,8.6,2.8,11.3,14.1,71,94
19,11/25/2018,LAL,1,Josh Hart\hartjo01,15:09,0,0,,0,0,,0,0,,0,3,3,2,0,0,0,1,0,-3,,,,,0.0,20.7,10.9,17.1,0.0,0.0,,0.0,227,112
19,11/25/2018,LAL,1,Lance Stephenson\stephla01,14:38,4,8,.500,4,6,.667,1,2,.500,1,2,3,2,0,0,1,0,13,-9,.732,.750,.750,.250,8.0,14.3,11.3,27.5,0.0,0.0,10.1,29.3,128,113
19,11/25/2018,LAL,1,Tyson Chandler\chandty01,14:36,1,1,1.000,0,0,,0,0,,0,3,3,1,0,0,2,1,2,-12,1.000,1.000,.000,.000,0.0,21.4,11.3,9.8,0.0,0.0,66.7,8.9,66,112
19,11/25/2018,LAL,1,Sviatoslav Mykhailiuk\mykhasv01,8:58,0,2,.000,0,0,,1,2,.500,0,0,0,1,1,0,0,0,1,+7,.174,.000,.000,1.000,0.0,0.0,0.0,14.5,5.2,0.0,0.0,13.9,56,105
19,11/25/2018,LAL,1,Michael Beasley\beaslmi01,Did Not Play,Did Not Play,Did Not Play,Did Not Play,Did Not Play,Did Not Play,Did Not Play,Did Not Play,Did Not Play,Did Not Play,Did Not Play,Did Not Play,Did Not Play,Did Not Play,Did Not Play,Did Not Play,Did Not Play,Did Not Play,Did Not Play,Did Not Play,Did Not Play,Did Not Play,Did Not Play,Did Not Play,Did Not Play,Did Not Play,Did Not Play,Did Not Play,Did Not Play,Did Not Play,Did Not Play,Did Not Play,Did Not Play,Did Not Play
19,11/25/2018,LAL,1,Ivica Zubac\zubaciv01,Did Not Play,Did Not Play,Did Not Play,Did Not Play,Did Not Play,Did Not Play,Did Not Play,Did Not Play,Did Not Play,Did Not Play,Did Not Play,Did Not Play,Did Not Play,Did Not Play,Did Not Play,Did Not Play,Did Not Play,Did Not Play,Did Not Play,Did Not Play,Did Not Play,Did Not Play,Did Not Play,Did Not Play,Did Not Play,Did Not Play,Did Not Play,Did Not Play,Did Not Play,Did Not Play,Did Not Play,Did Not Play,Did Not Play,Did Not Play
19,11/25/2018,LAL,1,Moritz Wagner\wagnemo01,Did Not Play,Did Not Play,Did Not Play,Did Not Play,Did Not Play,Did Not Play,Did Not Play,Did Not Play,Did Not Play,Did Not Play,Did Not Play,Did Not Play,Did Not Play,Did Not Play,Did Not Play,Did Not Play,Did Not Play,Did Not Play,Did Not Play,Did Not Play,Did Not Play,Did Not Play,Did Not Play,Did Not Play,Did Not Play,Did Not Play,Did Not Play,Did Not Play,Did Not Play,Did Not Play,Did Not Play,Did Not Play,Did Not Play,Did Not Play
20,11/27/2018,LAL,0,Kyle Kuzma\kuzmaky01,31:01,9,15,0.6,1,7,0.143,2,2,1,1,2,3,3,0,1,2,3,21,-19,0.661,0.633,0.467,0.133,3,6.6,4.7,23.1,0,2.1,11.2,25.9,117,126
20,11/27/2018,LAL,0,LeBron James\jamesle01,30:04,5,15,0.333,0,4,0,4,6,0.667,0,7,7,2,2,2,4,0,14,-23,0.397,0.333,0.267,0.4,0,23.8,11.3,12.3,3.3,4.4,18.5,32.3,68,111
20,11/27/2018,LAL,0,Brandon Ingram\ingrabr01,29:48,6,10,0.6,0,1,0,2,4,0.5,0,2,2,2,1,0,1,4,14,-19,0.595,0.6,0.1,0.4,0,6.9,3.3,13.2,1.7,0,7.8,19.2,110,124
20,11/27/2018,LAL,0,Lonzo Ball\balllo01,18:08,3,6,0.5,1,4,0.25,0,0,,1,4,5,2,0,0,0,1,7,-10,0.583,0.583,0.667,0,5.1,22.5,13.4,20.3,0,0,0,14.9,126,122
20,11/27/2018,LAL,0,JaVale McGee\mcgeeja01,15:44,1,4,0.25,0,0,,0,0,,1,1,2,1,0,4,0,0,2,-13,0.25,0.25,0,0,5.9,6.5,6.2,9.9,0,16.9,0,11.4,72,116
20,11/27/2018,LAL,0,Kentavious Caldwell-Pope\caldwke01,23:33,1,6,0.167,1,5,0.2,0,0,,0,1,1,0,0,0,0,2,3,-21,0.25,0.25,0.833,0,0,4.3,2.1,0,0,0,0,11.4,52,129
20,11/27/2018,LAL,0,Josh Hart\hartjo01,20:54,2,6,0.333,0,4,0,0,0,,1,1,2,3,1,0,0,2,4,-10,0.333,0.333,0.667,0,4.4,4.9,4.6,23.4,2.4,0,0,12.9,90,123
20,11/27/2018,LAL,0,Tyson Chandler\chandty01,20:16,1,1,1,0,0,,2,4,0.5,2,3,5,1,1,0,0,3,4,-5,0.725,1,0,4,9.1,15.1,12,7.5,2.5,0,0,6.1,164,119
20,11/27/2018,LAL,0,Lance Stephenson\stephla01,14:04,2,8,0.25,1,3,0.333,0,0,,0,6,6,3,0,0,1,3,5,-7,0.313,0.313,0.375,0,0,43.6,20.7,37.7,0,0,11.1,28.7,68,114
20,11/27/2018,LAL,0,Michael Beasley\beaslmi01,12:52,3,7,0.429,0,1,0,2,2,1,1,0,1,0,0,0,1,1,8,-7,0.508,0.429,0.143,0.286,7.2,0,3.8,0,0,0,11.3,31,93,130
20,11/27/2018,LAL,0,Sviatoslav Mykhailiuk\mykhasv01,12:00,1,6,0.167,1,5,0.2,0,0,,0,2,2,1,0,0,2,0,3,-14,0.25,0.25,0.833,0,0,17,8.1,13.3,0,0,25,29.9,42,124
20,11/27/2018,LAL,0,Ivica Zubac\zubaciv01,7:29,0,2,0,0,0,,0,0,,1,1,2,0,0,1,1,0,0,-6,0,0,0,0,12.3,13.6,13,0,0,8.9,33.3,18,21,119
20,11/27/2018,LAL,0,Moritz Wagner\wagnemo01,4:07,0,1,0,0,1,0,0,0,,0,1,1,1,0,0,0,0,0,-6,0,0,1,0,0,24.8,11.8,34.3,0,0,0,10.9,41,121
21,11/29/2018,LAL,1,LeBron James\jamesle01,38:09,15,27,.556,2,7,.286,6,10,.600,1,8,9,7,2,0,4,2,38,+19,.605,.593,.259,.370,2.8,20.5,12.0,38.1,2.5,0.0,11.3,39.0,115,94
21,11/29/2018,LAL,1,Lonzo Ball\balllo01,33:40,1,6,.167,0,3,.000,0,0,,4,4,8,4,0,2,4,4,2,+9,.167,.167,.500,.000,12.7,11.6,12.1,14.1,0.0,4.5,40.0,12.5,61,99
21,11/29/2018,LAL,1,Kyle Kuzma\kuzmaky01,33:01,4,9,.444,1,5,.200,2,3,.667,0,9,9,2,0,0,1,3,11,+8,.533,.500,.556,.333,0.0,26.7,13.9,8.0,0.0,0.0,8.8,14.4,106,97
21,11/29/2018,LAL,1,Brandon Ingram\ingrabr01,31:14,6,15,.400,0,2,.000,2,5,.400,0,1,1,3,1,3,1,2,14,-12,.407,.400,.133,.333,0.0,3.1,1.6,14.1,1.5,7.3,5.5,24.5,88,96
21,11/29/2018,LAL,1,JaVale McGee\mcgeeja01,22:07,3,6,.500,0,0,,0,0,,4,4,8,3,0,4,4,2,6,-8,.500,.500,.000,.000,19.3,17.7,18.5,18.3,0.0,13.8,40.0,19.0,85,90
21,11/29/2018,LAL,1,Tyson Chandler\chandty01,25:31,0,3,.000,0,0,,3,4,.750,1,8,9,2,0,2,1,4,3,+18,.315,.000,.000,1.333,4.2,30.7,18.0,9.0,0.0,6.0,17.4,9.5,82,91
21,11/29/2018,LAL,1,Josh Hart\hartjo01,25:05,6,7,.857,1,2,.500,0,1,.000,1,0,1,2,3,0,1,2,13,+8,.874,.929,.286,.143,4.3,0.0,2.0,12.5,5.6,0.0,11.8,14.2,148,93
21,11/29/2018,LAL,1,Kentavious Caldwell-Pope\caldwke01,17:47,4,7,.571,3,5,.600,0,0,,0,2,2,1,0,0,0,0,11,+2,.786,.786,.714,.000,0.0,11.0,5.7,8.7,0.0,0.0,0.0,16.6,154,103
21,11/29/2018,LAL,1,Michael Beasley\beaslmi01,8:52,3,4,.750,0,0,,0,0,,0,2,2,1,1,0,2,4,6,-9,.750,.750,.000,.000,0.0,22.1,11.5,21.0,5.3,0.0,33.3,28.5,91,86
21,11/29/2018,LAL,1,Lance Stephenson\stephla01,4:34,0,2,.000,0,0,,0,0,,0,1,1,0,1,0,0,0,0,+5,.000,.000,.000,.000,0.0,21.5,11.2,0.0,10.3,0.0,0.0,18.4,0,76
21,11/29/2018,LAL,1,Ivica Zubac\zubaciv01,Did Not Play,Did Not Play,Did Not Play,Did Not Play,Did Not Play,Did Not Play,Did Not Play,Did Not Play,Did Not Play,Did Not Play,Did Not Play,Did Not Play,Did Not Play,Did Not Play,Did Not Play,Did Not Play,Did Not Play,Did Not Play,Did Not Play,Did Not Play,Did Not Play,Did Not Play,Did Not Play,Did Not Play,Did Not Play,Did Not Play,Did Not Play,Did Not Play,Did Not Play,Did Not Play,Did Not Play,Did Not Play,Did Not Play,Did Not Play
21,11/29/2018,LAL,1,Sviatoslav Mykhailiuk\mykhasv01,Did Not Play,Did Not Play,Did Not Play,Did Not Play,Did Not Play,Did Not Play,Did Not Play,Did Not Play,Did Not Play,Did Not Play,Did Not Play,Did Not Play,Did Not Play,Did Not Play,Did Not Play,Did Not Play,Did Not Play,Did Not Play,Did Not Play,Did Not Play,Did Not Play,Did Not Play,Did Not Play,Did Not Play,Did Not Play,Did Not Play,Did Not Play,Did Not Play,Did Not Play,Did Not Play,Did Not Play,Did Not Play,Did Not Play,Did Not Play
21,11/29/2018,LAL,1,Moritz Wagner\wagnemo01,Did Not Play,Did Not Play,Did Not Play,Did Not Play,Did Not Play,Did Not Play,Did Not Play,Did Not Play,Did Not Play,Did Not Play,Did Not Play,Did Not Play,Did Not Play,Did Not Play,Did Not Play,Did Not Play,Did Not Play,Did Not Play,Did Not Play,Did Not Play,Did Not Play,Did Not Play,Did Not Play,Did Not Play,Did Not Play,Did Not Play,Did Not Play,Did Not Play,Did Not Play,Did Not Play,Did Not Play,Did Not Play,Did Not Play,Did Not Play
22,11/30/2018,LAL,1,Brandon Ingram\ingrabr01,40:05,7,16,.438,0,1,.000,5,8,.625,0,4,4,4,1,0,2,5,19,+9,.487,.438,.063,.500,0.0,10.2,5.2,14.2,1.1,0.0,9.3,22.0,98,101
22,11/30/2018,LAL,1,Kyle Kuzma\kuzmaky01,36:56,4,12,.333,3,7,.429,4,7,.571,0,12,12,6,0,0,2,1,15,+13,.497,.458,.583,.583,0.0,33.2,16.8,21.2,0.0,0.0,11.7,19.0,103,98
22,11/30/2018,LAL,1,LeBron James\jamesle01,31:19,12,21,.571,2,4,.500,2,4,.500,2,3,5,4,0,1,4,3,28,+10,.615,.619,.190,.190,6.7,9.8,8.2,26.0,0.0,3.3,14.9,35.0,109,102
22,11/30/2018,LAL,1,Lonzo Ball\balllo01,28:18,4,9,.444,1,5,.200,1,2,.500,1,0,1,4,5,0,5,6,10,-6,.506,.500,.556,.222,3.7,0.0,1.8,19.3,8.0,0.0,33.6,21.6,79,88
22,11/30/2018,LAL,1,JaVale McGee\mcgeeja01,20:22,3,5,.600,0,0,,0,0,,0,7,7,0,1,1,1,6,6,-3,.600,.600,.000,.000,0.0,35.1,17.7,0.0,2.2,5.0,16.7,12.1,94,89
22,11/30/2018,LAL,1,Kentavious Caldwell-Pope\caldwke01,24:13,2,7,.286,1,6,.167,8,10,.800,0,3,3,1,0,0,0,4,13,+10,.570,.357,.857,1.429,0.0,12.7,6.4,5.2,0.0,0.0,0.0,19.3,127,103
22,11/30/2018,LAL,1,Josh Hart\hartjo01,23:05,2,5,.400,1,4,.250,0,0,,0,1,1,1,0,1,0,1,5,+10,.500,.500,.800,.000,0.0,4.4,2.2,5.5,0.0,4.4,0.0,8.9,108,103
22,11/30/2018,LAL,1,Tyson Chandler\chandty01,22:10,6,6,1.000,0,0,,1,1,1.000,5,7,12,0,1,0,0,2,13,+13,1.009,1.000,.000,.167,23.5,32.3,27.9,0.0,2.0,0.0,0.0,11.9,208,93
22,11/30/2018,LAL,1,Lance Stephenson\stephla01,5:32,1,3,.333,0,1,.000,0,0,,1,0,1,1,0,0,1,0,2,+3,.333,.333,.333,.000,18.9,0.0,9.3,26.0,0.0,0.0,25.0,29.6,76,107
22,11/30/2018,LAL,1,Michael Beasley\beaslmi01,4:58,0,0,,0,0,,0,0,,0,1,1,1,0,0,2,0,0,+1,,,,,0.0,20.6,10.4,23.0,0.0,0.0,100.0,16.5,25,101
22,11/30/2018,LAL,1,Sviatoslav Mykhailiuk\mykhasv01,1:59,1,1,1.000,1,1,1.000,0,0,,0,0,0,0,0,0,0,1,3,-3,1.500,1.500,1.000,.000,0.0,0.0,0.0,0.0,0.0,0.0,0.0,20.7,300,105
22,11/30/2018,LAL,1,Moritz Wagner\wagnemo01,1:03,0,1,.000,0,1,.000,0,0,,0,0,0,1,0,0,0,0,0,-2,.000,.000,1.000,.000,0.0,0.0,0.0,100.0,0.0,0.0,0.0,39.0,54,107
22,11/30/2018,LAL,1,Ivica Zubac\zubaciv01,Did Not Play,Did Not Play,Did Not Play,Did Not Play,Did Not Play,Did Not Play,Did Not Play,Did Not Play,Did Not Play,Did Not Play,Did Not Play,Did Not Play,Did Not Play,Did Not Play,Did Not Play,Did Not Play,Did Not Play,Did Not Play,Did Not Play,Did Not Play,Did Not Play,Did Not Play,Did Not Play,Did Not Play,Did Not Play,Did Not Play,Did Not Play,Did Not Play,Did Not Play,Did Not Play,Did Not Play,Did Not Play,Did Not Play,Did Not Play
23,12/2/2018,LAL,1,LeBron James\jamesle01,30:59,9,17,0.529,1,5,0.2,3,4,0.75,0,6,6,8,0,1,5,0,22,12,0.586,0.559,0.294,0.235,0,17.9,9.7,38.7,0,2.6,21,30.4,106,94
23,12/2/2018,LAL,1,Lonzo Ball\balllo01,30:34,3,10,0.3,0,2,0,1,2,0.5,0,4,4,4,4,0,3,2,7,12,0.322,0.3,0.2,0.2,0,12.1,6.5,15.2,5.9,0,21.6,18,68,83
23,12/2/2018,LAL,1,Kyle Kuzma\kuzmaky01,28:57,8,14,0.571,3,8,0.375,4,4,1,2,6,8,3,1,1,1,0,23,10,0.73,0.679,0.571,0.286,7.5,19.1,13.8,15.2,1.6,2.8,6,22.9,147,90
23,12/2/2018,LAL,1,Brandon Ingram\ingrabr01,28:08,5,10,0.5,1,1,1,4,7,0.571,2,2,4,2,0,0,3,2,15,8,0.573,0.55,0.1,0.7,7.8,6.6,7.1,9.1,0,0,18.7,22.7,104,99
23,12/2/2018,LAL,1,JaVale McGee\mcgeeja01,20:33,7,10,0.7,0,0,,0,0,,4,4,8,0,1,1,1,1,14,2,0.7,0.7,0,0,21.2,18,19.5,0,2.2,3.9,9.1,21.2,134,87
23,12/2/2018,LAL,1,Kentavious Caldwell-Pope\caldwke01,21:53,2,4,0.5,1,2,0.5,1,1,1,0,3,3,0,0,0,0,2,6,23,0.676,0.625,0.5,0.25,0,12.7,6.9,0,0,0,0,8,140,97
23,12/2/2018,LAL,1,Josh Hart\hartjo01,17:55,2,5,0.4,2,3,0.667,0,0,,0,0,0,2,1,1,0,2,6,32,0.6,0.6,0.6,0,0,0,0,13.2,2.5,4.5,0,11.1,136,90
23,12/2/2018,LAL,1,Tyson Chandler\chandty01,17:27,1,3,0.333,0,0,,1,2,0.5,3,8,11,0,0,0,1,2,3,23,0.387,0.333,0,0.667,18.8,42.3,31.5,0,0,0,20.5,11.1,94,91
23,12/2/2018,LAL,1,Michael Beasley\beaslmi01,13:05,6,9,0.667,1,1,1,1,1,1,0,4,4,1,0,0,0,0,14,14,0.742,0.722,0.111,0.111,0,28.2,15.3,15.3,0,0,0,28.6,148,94
23,12/2/2018,LAL,1,Moritz Wagner\wagnemo01,9:54,3,8,0.375,2,3,0.667,2,2,1,0,3,3,1,1,0,2,4,10,-4,0.563,0.5,0.375,0.25,0,28,15.2,15.4,4.6,0,18.4,43.6,96,83
23,12/2/2018,LAL,1,Lance Stephenson\stephla01,9:54,0,1,0,0,1,0,0,0,,0,4,4,4,1,0,2,0,0,-4,0,0,1,0,0,37.3,20.2,42.2,4.6,0,66.7,12,62,81
23,12/2/2018,LAL,1,Sviatoslav Mykhailiuk\mykhasv01,7:04,0,1,0,0,1,0,0,0,,0,0,0,1,0,0,1,0,0,-6,0,0,1,0,0,0,0,14.8,0,0,50,11.2,30,100
23,12/2/2018,LAL,1,Ivica Zubac\zubaciv01,3:37,0,0,,0,0,,0,0,,0,1,1,0,0,0,0,0,0,-2,,,,,0,25.5,13.8,0,0,0,,0,0,95
24,12/5/2018,LAL,1,LeBron James\jamesle01,39:42,15,24,.625,3,7,.429,9,13,.692,0,5,5,6,2,0,2,1,42,+19,.707,.688,.292,.542,0.0,12.9,6.6,30.4,2.3,0.0,6.3,33.5,137,109
24,12/5/2018,LAL,1,Lonzo Ball\balllo01,39:38,5,12,.417,3,6,.500,1,2,.500,2,2,4,9,2,0,1,1,14,+18,.543,.542,.500,.167,5.5,5.2,5.3,30.3,2.3,0.0,7.2,14.7,128,111
24,12/5/2018,LAL,1,Kyle Kuzma\kuzmaky01,38:37,7,19,.368,3,9,.333,5,7,.714,1,8,9,5,0,0,1,2,22,+10,.498,.447,.474,.368,2.8,21.2,12.3,18.7,0.0,0.0,4.3,25.1,108,112
24,12/5/2018,LAL,1,JaVale McGee\mcgeeja01,19:14,4,4,1.000,0,0,,0,0,,1,3,4,0,0,1,4,4,8,-21,1.000,1.000,.000,.000,5.7,15.9,11.0,0.0,0.0,3.6,50.0,17.4,88,110
24,12/5/2018,LAL,1,Brandon Ingram\ingrabr01,5:26,2,2,1.000,0,0,,1,3,.333,0,0,0,0,0,1,0,1,5,+4,.753,1.000,.000,1.500,0.0,0.0,0.0,0.0,0.0,12.8,0.0,25.6,139,107
24,12/5/2018,LAL,1,Kentavious Caldwell-Pope\caldwke01,28:18,3,7,.429,2,5,.400,4,4,1.000,1,6,7,0,1,0,0,2,12,+2,.685,.571,.714,.571,3.9,21.7,13.0,0.0,1.6,0.0,0.0,13.0,144,108
24,12/5/2018,LAL,1,Tyson Chandler\chandty01,28:05,0,0,,0,0,,2,2,1.000,0,9,9,1,1,0,0,2,2,+27,1.136,,,,0.0,32.7,16.9,4.1,1.6,0.0,0.0,1.3,246,105
24,12/5/2018,LAL,1,Josh Hart\hartjo01,13:21,2,5,.400,2,5,.400,0,0,,0,1,1,0,0,0,1,5,6,+7,.600,.600,1.000,.000,0.0,7.7,4.0,0.0,0.0,0.0,16.7,18.8,92,116
24,12/5/2018,LAL,1,Lance Stephenson\stephla01,12:28,2,5,.400,0,2,.000,0,0,,0,1,1,0,0,1,1,0,4,-2,.400,.400,.400,.000,0.0,8.2,4.2,0.0,0.0,5.6,16.7,20.2,64,111
24,12/5/2018,LAL,1,Sviatoslav Mykhailiuk\mykhasv01,11:36,1,7,.143,1,5,.200,1,2,.500,1,0,1,0,0,0,2,0,4,-16,.254,.214,.714,.286,9.4,0.0,4.5,0.0,0.0,0.0,20.2,35.7,50,118
24,12/5/2018,LAL,1,Michael Beasley\beaslmi01,3:35,1,3,.333,0,0,,0,0,,0,1,1,0,0,0,0,0,2,-8,.333,.333,.000,.000,0.0,28.5,14.7,0.0,0.0,0.0,0.0,35.1,66,110
24,12/5/2018,LAL,1,Ivica Zubac\zubaciv01,Did Not Play,Did Not Play,Did Not Play,Did Not Play,Did Not Play,Did Not Play,Did Not Play,Did Not Play,Did Not Play,Did Not Play,Did Not Play,Did Not Play,Did Not Play,Did Not Play,Did Not Play,Did Not Play,Did Not Play,Did Not Play,Did Not Play,Did Not Play,Did Not Play,Did Not Play,Did Not Play,Did Not Play,Did Not Play,Did Not Play,Did Not Play,Did Not Play,Did Not Play,Did Not Play,Did Not Play,Did Not Play,Did Not Play,Did Not Play
24,12/5/2018,LAL,1,Moritz Wagner\wagnemo01,Did Not Play,Did Not Play,Did Not Play,Did Not Play,Did Not Play,Did Not Play,Did Not Play,Did Not Play,Did Not Play,Did Not Play,Did Not Play,Did Not Play,Did Not Play,Did Not Play,Did Not Play,Did Not Play,Did Not Play,Did Not Play,Did Not Play,Did Not Play,Did Not Play,Did Not Play,Did Not Play,Did Not Play,Did Not Play,Did Not Play,Did Not Play,Did Not Play,Did Not Play,Did Not Play,Did Not Play,Did Not Play,Did Not Play,Did Not Play
25,12/7/2019,LAL,0,Kyle Kuzma\kuzmaky01,38:42,12,22,.545,2,7,.286,1,2,.500,0,8,8,2,2,0,2,3,27,-6,.590,.591,.318,.091,0.0,23.6,10.9,8.0,2.4,0.0,8.0,26.3,109,125
25,12/7/2019,LAL,0,Lonzo Ball\balllo01,37:53,5,16,.313,2,6,.333,1,1,1.000,1,3,4,11,1,0,2,3,13,-6,.395,.375,.375,.063,2.6,9.1,5.6,35.1,1.2,0.0,10.8,19.9,100,130
25,12/7/2019,LAL,0,LeBron James\jamesle01,37:21,13,28,.464,3,8,.375,6,9,.667,2,6,8,11,2,0,1,4,35,-19,.548,.518,.286,.321,5.2,18.4,11.3,48.3,2.5,0.0,3.0,36.1,124,125
25,12/7/2019,LAL,0,Josh Hart\hartjo01,36:10,3,8,.375,0,5,.000,1,1,1.000,0,5,5,0,0,0,0,3,7,-11,.415,.375,.625,.125,0.0,15.8,7.3,0.0,0.0,0.0,0.0,9.6,87,132
25,12/7/2019,LAL,0,JaVale McGee\mcgeeja01,24:06,4,6,.667,0,0,,4,4,1.000,6,6,12,0,0,1,2,1,12,0,.773,.667,.000,.667,24.4,28.5,26.3,0.0,0.0,3.3,20.5,16.6,142,127
25,12/7/2019,LAL,0,Kentavious Caldwell-Pope\caldwke01,26:46,4,11,.364,2,6,.333,2,2,1.000,0,0,0,0,2,0,0,2,12,-15,.505,.455,.545,.182,0.0,0.0,0.0,0.0,3.4,0.0,0.0,18.2,105,127
25,12/7/2019,LAL,0,Tyson Chandler\chandty01,18:31,1,1,1.000,0,0,,2,2,1.000,0,4,4,0,1,0,1,3,4,-3,1.064,1.000,.000,2.000,0.0,24.7,11.4,0.0,2.5,0.0,34.7,6.4,133,124
25,12/7/2019,LAL,0,Sviatoslav Mykhailiuk\mykhasv01,11:13,2,3,.667,2,3,.667,0,0,,1,0,1,0,0,0,0,2,6,+2,1.000,1.000,1.000,.000,8.7,0.0,4.7,0.0,0.0,0.0,0.0,11.0,191,134
25,12/7/2019,LAL,0,Michael Beasley\beaslmi01,7:48,2,5,.400,0,1,.000,0,0,,0,1,1,0,0,0,0,3,4,-6,.400,.400,.200,.000,0.0,14.7,6.8,0.0,0.0,0.0,0.0,26.2,81,131
25,12/7/2019,LAL,0,Isaac Bonga\bongais01,1:07,0,0,,0,0,,0,0,,0,0,0,0,0,0,0,0,0,0,,,,,0.0,0.0,0.0,0.0,0.0,0.0,,0.0,0,135
25,12/7/2019,LAL,0,Lance Stephenson\stephla01,0:23,0,0,,0,0,,0,0,,0,0,0,0,0,0,0,0,0,-1,,,,,0.0,0.0,0.0,0.0,0.0,0.0,,0.0,0,135
25,12/7/2019,LAL,0,Moritz Wagner\wagnemo01,Did Not Play,Did Not Play,Did Not Play,Did Not Play,Did Not Play,Did Not Play,Did Not Play,Did Not Play,Did Not Play,Did Not Play,Did Not Play,Did Not Play,Did Not Play,Did Not Play,Did Not Play,Did Not Play,Did Not Play,Did Not Play,Did Not Play,Did Not Play,Did Not Play,Did Not Play,Did Not Play,Did Not Play,Did Not Play,Did Not Play,Did Not Play,Did Not Play,Did Not Play,Did Not Play,Did Not Play,Did Not Play,Did Not Play,Did Not Play
25,12/7/2019,LAL,0,Ivica Zubac\zubaciv01,Did Not Play,Did Not Play,Did Not Play,Did Not Play,Did Not Play,Did Not Play,Did Not Play,Did Not Play,Did Not Play,Did Not Play,Did Not Play,Did Not Play,Did Not Play,Did Not Play,Did Not Play,Did Not Play,Did Not Play,Did Not Play,Did Not Play,Did Not Play,Did Not Play,Did Not Play,Did Not Play,Did Not Play,Did Not Play,Did Not Play,Did Not Play,Did Not Play,Did Not Play,Did Not Play,Did Not Play,Did Not Play,Did Not Play,Did Not Play
26,12/8/2018,LAL,0,Josh Hart\hartjo01,35:43,5,10,.500,4,7,.571,2,2,1.000,2,2,4,2,3,2,0,4,16,+2,.735,.700,.700,.200,5.8,5.7,5.8,7.4,4.2,5.0,0.0,12.2,173,89
26,12/8/2018,LAL,0,Kyle Kuzma\kuzmaky01,34:13,8,16,.500,4,8,.500,0,0,,3,6,9,6,1,2,1,2,20,+17,.625,.625,.500,.000,9.1,17.9,13.6,26.5,1.5,5.2,5.9,19.8,147,91
26,12/8/2018,LAL,0,LeBron James\jamesle01,31:38,9,18,.500,0,3,.000,2,3,.667,1,7,8,9,2,0,5,2,20,+21,.518,.500,.167,.167,3.3,22.6,13.1,46.5,3.2,0.0,20.6,30.7,107,90
26,12/8/2018,LAL,0,Lonzo Ball\balllo01,22:56,2,9,.222,0,5,.000,0,0,,0,0,0,2,2,0,3,3,4,-3,.222,.222,.556,.000,0.0,0.0,0.0,10.8,4.4,0.0,25.0,20.9,51,93
26,12/8/2018,LAL,0,JaVale McGee\mcgeeja01,21:38,4,10,.400,0,0,,2,2,1.000,5,5,10,2,0,0,2,4,10,+2,.460,.400,.000,.200,24.1,23.6,23.9,13.0,0.0,0.0,15.5,23.8,109,96
26,12/8/2018,LAL,0,Sviatoslav Mykhailiuk\mykhasv01,23:01,4,8,.500,3,6,.500,0,0,,1,2,3,0,0,0,1,1,11,+25,.688,.688,.750,.000,4.5,8.9,6.7,0.0,0.0,0.0,11.1,15.6,130,101
26,12/8/2018,LAL,0,Tyson Chandler\chandty01,22:27,1,2,.500,0,0,,2,2,1.000,4,10,14,1,1,0,0,1,4,+22,.694,.500,.000,1.000,18.6,45.5,32.2,5.2,2.2,0.0,0.0,5.1,187,86
26,12/8/2018,LAL,0,Kentavious Caldwell-Pope\caldwke01,21:29,6,10,.600,4,8,.500,0,0,,1,0,1,1,1,1,2,2,16,+17,.800,.800,.800,.000,4.9,0.0,2.4,7.5,2.3,4.1,16.7,22.3,132,95
26,12/8/2018,LAL,0,Lance Stephenson\stephla01,15:29,4,10,.400,1,2,.500,0,0,,1,3,4,2,0,0,2,1,9,+9,.450,.450,.200,.000,6.7,19.8,13.3,20.3,0.0,0.0,16.7,30.9,95,98
26,12/8/2018,LAL,0,Isaac Bonga\bongais01,4:25,0,2,.000,0,1,.000,1,1,1.000,1,1,2,1,1,0,2,2,1,-1,.205,.000,.500,.500,23.6,23.1,23.4,25.3,11.3,0.0,45.0,40.1,50,72
26,12/8/2018,LAL,0,Moritz Wagner\wagnemo01,3:50,0,2,.000,0,0,,0,2,.000,0,0,0,1,0,0,0,0,0,+1,.000,.000,.000,1.000,0.0,0.0,0.0,29.1,0.0,0.0,0.0,30.0,27,103
26,12/8/2018,LAL,0,Ivica Zubac\zubaciv01,3:11,0,0,,0,0,,0,0,,0,2,2,0,0,1,0,0,0,+3,,,,,0.0,64.2,32.4,0.0,0.0,27.9,,0.0,0,66
26,12/8/2018,LAL,0,Michael Beasley\beaslmi01,Not With Team,Not With Team,Not With Team,Not With Team,Not With Team,Not With Team,Not With Team,Not With Team,Not With Team,Not With Team,Not With Team,Not With Team,Not With Team,Not With Team,Not With Team,Not With Team,Not With Team,Not With Team,Not With Team,Not With Team,Not With Team,Not With Team,Not With Team,Not With Team,Not With Team,Not With Team,Not With Team,Not With Team,Not With Team,Not With Team,Not With Team,Not With Team,Not With Team,Not With Team
27,12/10/2018,LAL,1,Kyle Kuzma\kuzmaky01,39:44,14,22,.636,3,7,.429,2,2,1.000,1,6,7,1,0,0,3,0,33,+16,.721,.705,.318,.091,2.5,15.1,8.8,5.0,0.0,0.0,11.6,28.2,124,112
27,12/10/2018,LAL,1,LeBron James\jamesle01,37:31,10,19,.526,4,7,.571,4,8,.500,0,9,9,12,1,0,2,0,28,+18,.622,.632,.368,.421,0.0,24.0,12.0,54.4,1.3,0.0,8.2,28.3,133,106
27,12/10/2018,LAL,1,Lonzo Ball\balllo01,37:06,4,11,.364,1,3,.333,1,2,.500,4,3,7,4,3,2,1,1,10,+18,.421,.409,.273,.182,10.8,8.1,9.4,14.4,3.9,4.3,7.8,15.0,108,103
27,12/10/2018,LAL,1,Josh Hart\hartjo01,34:56,3,9,.333,2,5,.400,1,2,.500,1,4,5,0,0,1,1,2,9,+8,.455,.444,.556,.222,2.9,11.5,7.2,0.0,0.0,2.3,9.2,13.5,90,112
27,12/10/2018,LAL,1,JaVale McGee\mcgeeja01,14:36,1,7,.143,0,0,,2,4,.500,2,6,8,0,0,4,2,1,4,+10,.228,.143,.000,.571,13.7,41.1,27.4,0.0,0.0,21.9,18.6,31.9,53,89
27,12/10/2018,LAL,1,Tyson Chandler\chandty01,24:36,2,3,.667,0,0,,0,0,,3,2,5,2,1,0,0,2,4,-15,.667,.667,.000,.000,12.2,8.1,10.2,10.5,2.0,0.0,0.0,5.3,171,110
27,12/10/2018,LAL,1,Kentavious Caldwell-Pope\caldwke01,23:48,4,11,.364,3,7,.429,0,0,,1,1,2,3,1,0,0,0,11,-14,.500,.500,.636,.000,4.2,4.2,4.2,18.4,2.0,0.0,0.0,20.0,119,111
27,12/10/2018,LAL,1,Lance Stephenson\stephla01,15:54,2,4,.500,0,1,.000,2,2,1.000,0,2,2,1,1,0,2,3,6,-8,.615,.500,.250,.500,0.0,12.6,6.3,8.6,3.1,0.0,29.1,18.7,92,105
27,12/10/2018,LAL,1,Sviatoslav Mykhailiuk\mykhasv01,11:49,1,4,.250,1,2,.500,0,0,,0,1,1,1,2,0,1,1,3,-18,.375,.375,.500,.000,0.0,8.5,4.2,11.0,8.3,0.0,20.0,18.3,72,96
27,12/10/2018,LAL,1,Michael Beasley\beaslmi01,Not With Team,Not With Team,Not With Team,Not With Team,Not With Team,Not With Team,Not With Team,Not With Team,Not With Team,Not With Team,Not With Team,Not With Team,Not With Team,Not With Team,Not With Team,Not With Team,Not With Team,Not With Team,Not With Team,Not With Team,Did Not Play,Did Not Play,Did Not Play,Did Not Play,Did Not Play,Did Not Play,Did Not Play,Did Not Play,Did Not Play,Did Not Play,Did Not Play,Did Not Play,Did Not Play,Did Not Play
27,12/10/2018,LAL,1,Moritz Wagner\wagnemo01,Did Not Play,Did Not Play,Did Not Play,Did Not Play,Did Not Play,Did Not Play,Did Not Play,Did Not Play,Did Not Play,Did Not Play,Did Not Play,Did Not Play,Did Not Play,Did Not Play,Did Not Play,Did Not Play,Did Not Play,Did Not Play,Did Not Play,Did Not Play,Did Not Play,Did Not Play,Did Not Play,Did Not Play,Did Not Play,Did Not Play,Did Not Play,Did Not Play,Did Not Play,Did Not Play,Did Not Play,Did Not Play,Did Not Play,Did Not Play
27,12/10/2018,LAL,1,Ivica Zubac\zubaciv01,Did Not Play,Did Not Play,Did Not Play,Did Not Play,Did Not Play,Did Not Play,Did Not Play,Did Not Play,Did Not Play,Did Not Play,Did Not Play,Did Not Play,Did Not Play,Did Not Play,Did Not Play,Did Not Play,Did Not Play,Did Not Play,Did Not Play,Did Not Play,Not With Team,Not With Team,Not With Team,Not With Team,Not With Team,Not With Team,Not With Team,Not With Team,Not With Team,Not With Team,Not With Team,Not With Team,Not With Team,Not With Team
27,12/10/2018,LAL,1,Isaac Bonga\bongais01,Did Not Play,Did Not Play,Did Not Play,Did Not Play,Did Not Play,Did Not Play,Did Not Play,Did Not Play,Did Not Play,Did Not Play,Did Not Play,Did Not Play,Did Not Play,Did Not Play,Did Not Play,Did Not Play,Did Not Play,Did Not Play,Did Not Play,Did Not Play,Did Not Play,Did Not Play,Did Not Play,Did Not Play,Did Not Play,Did Not Play,Did Not Play,Did Not Play,Did Not Play,Did Not Play,Did Not Play,Did Not Play,Did Not Play,Did Not Play
28,12/13/2018,LAL,0,Kyle Kuzma\kuzmaky01,37:03,8,17,.471,1,5,.200,7,7,1.000,1,2,3,5,2,1,2,4,24,-9,.598,.500,.294,.412,3.7,6.6,5.3,19.8,2.8,2.5,9.1,27.5,123,134
28,12/13/2018,LAL,0,LeBron James\jamesle01,36:26,12,18,.667,3,6,.500,2,6,.333,0,5,5,4,2,0,3,1,29,-9,.703,.750,.333,.333,0.0,16.9,8.9,19.4,2.8,0.0,12.7,30.0,122,132
28,12/13/2018,LAL,0,Lonzo Ball\balllo01,34:56,3,9,.333,0,6,.000,1,2,.500,0,3,3,8,1,0,3,3,7,-21,.354,.333,.667,.222,0.0,10.6,5.6,28.3,1.5,0.0,23.3,17.0,86,137
28,12/13/2018,LAL,0,JaVale McGee\mcgeeja01,30:13,5,6,.833,0,0,,1,4,.250,2,3,5,0,1,2,2,3,11,-6,.709,.833,.000,.667,9.1,12.2,10.7,0.0,1.7,6.2,20.5,14.9,112,133
28,12/13/2018,LAL,0,Josh Hart\hartjo01,28:42,6,8,.750,2,3,.667,1,3,.333,1,1,2,1,0,2,1,5,15,-7,.805,.875,.375,.375,4.8,4.3,4.5,5.1,0.0,6.6,9.7,16.6,141,140
28,12/13/2018,LAL,0,Lance Stephenson\stephla01,22:54,7,12,.583,3,5,.600,0,0,,1,2,3,1,1,0,1,2,17,-13,.708,.708,.417,.000,6.0,10.7,8.5,7.4,2.2,0.0,7.7,26.2,129,135
28,12/13/2018,LAL,0,Kentavious Caldwell-Pope\caldwke01,22:01,2,7,.286,1,6,.167,3,5,.600,0,1,1,3,1,0,0,0,8,+6,.435,.357,.857,.714,0.0,5.6,2.9,16.9,2.3,0.0,0.0,19.3,108,137
28,12/13/2018,LAL,0,Tyson Chandler\chandty01,17:42,0,1,.000,0,0,,0,0,,2,6,8,1,0,0,0,3,0,-9,.000,.000,.000,.000,15.5,41.7,29.3,6.3,0.0,0.0,0.0,2.6,126,129
28,12/13/2018,LAL,0,Sviatoslav Mykhailiuk\mykhasv01,9:03,0,1,.000,0,1,.000,0,0,,0,1,1,0,1,0,0,0,0,-5,.000,.000,1.000,.000,0.0,13.6,7.2,0.0,5.6,0.0,0.0,5.1,0,126
28,12/13/2018,LAL,0,Isaac Bonga\bongais01,1:00,0,1,.000,0,0,,0,0,,0,0,0,0,0,0,0,0,0,-2,.000,.000,.000,.000,0.0,0.0,0.0,0.0,0.0,0.0,0.0,46.2,0,145
28,12/13/2018,LAL,0,Ivica Zubac\zubaciv01,Did Not Play,Did Not Play,Did Not Play,Did Not Play,Did Not Play,Did Not Play,Did Not Play,Did Not Play,Did Not Play,Did Not Play,Did Not Play,Did Not Play,Did Not Play,Did Not Play,Did Not Play,Did Not Play,Did Not Play,Did Not Play,Did Not Play,Did Not Play,Did Not Play,Did Not Play,Did Not Play,Did Not Play,Did Not Play,Did Not Play,Did Not Play,Did Not Play,Did Not Play,Did Not Play,Did Not Play,Did Not Play,Did Not Play,Did Not Play
28,12/13/2018,LAL,0,Moritz Wagner\wagnemo01,Did Not Play,Did Not Play,Did Not Play,Did Not Play,Did Not Play,Did Not Play,Did Not Play,Did Not Play,Did Not Play,Did Not Play,Did Not Play,Did Not Play,Did Not Play,Did Not Play,Did Not Play,Did Not Play,Did Not Play,Did Not Play,Did Not Play,Did Not Play,Did Not Play,Did Not Play,Did Not Play,Did Not Play,Did Not Play,Did Not Play,Did Not Play,Did Not Play,Did Not Play,Did Not Play,Did Not Play,Did Not Play,Did Not Play,Did Not Play
28,12/13/2018,LAL,0,Michael Beasley\beaslmi01,Not With Team,Not With Team,Not With Team,Not With Team,Not With Team,Not With Team,Not With Team,Not With Team,Not With Team,Not With Team,Not With Team,Not With Team,Not With Team,Not With Team,Not With Team,Not With Team,Not With Team,Not With Team,Not With Team,Not With Team,Not With Team,Not With Team,Not With Team,Not With Team,Not With Team,Not With Team,Not With Team,Not With Team,Not With Team,Not With Team,Not With Team,Not With Team,Not With Team,Not With Team
29,12/15/2018,LAL,0,Lonzo Ball\balllo01,34:52,7,11,.636,2,4,.500,0,0,,3,7,10,10,5,1,2,1,16,+34,.727,.727,.364,.000,10.6,18.9,15.3,35.0,6.5,2.2,15.4,15.2,148,84
29,12/15/2018,LAL,0,LeBron James\jamesle01,30:13,7,15,.467,2,6,.333,8,12,.667,1,11,12,11,1,0,3,0,24,+31,.592,.533,.400,.800,4.1,34.3,21.2,46.1,1.5,0.0,12.9,31.5,127,93
29,12/15/2018,LAL,0,Kyle Kuzma\kuzmaky01,27:41,4,9,.444,2,5,.400,4,4,1.000,1,2,3,3,0,1,4,4,14,+29,.651,.556,.556,.444,4.4,6.8,5.8,12.4,0.0,2.8,27.1,21.8,105,101
29,12/15/2018,LAL,0,Josh Hart\hartjo01,26:07,2,8,.250,1,4,.250,0,1,.000,1,2,3,1,1,0,2,2,5,+30,.296,.313,.500,.125,4.7,7.2,6.1,4.1,1.7,0.0,19.2,16.3,62,99
29,12/15/2018,LAL,0,JaVale McGee\mcgeeja01,17:50,9,10,.900,0,0,,1,2,.500,1,5,6,0,1,3,1,2,19,+18,.873,.900,.000,.200,6.9,26.4,17.9,0.0,2.5,12.8,8.4,27.2,149,83
29,12/15/2018,LAL,0,Lance Stephenson\stephla01,22:56,5,8,.625,1,3,.333,0,0,,0,5,5,4,2,0,2,2,11,-2,.688,.688,.375,.000,0.0,20.5,11.6,21.7,3.9,0.0,20.0,17.8,118,91
29,12/15/2018,LAL,0,Kentavious Caldwell-Pope\caldwke01,21:11,4,9,.444,2,4,.500,1,1,1.000,1,1,2,0,0,0,0,0,11,+7,.583,.556,.444,.111,5.8,4.4,5.0,0.0,0.0,0.0,0.0,18.2,124,104
29,12/15/2018,LAL,0,Sviatoslav Mykhailiuk\mykhasv01,17:47,4,10,.400,3,6,.500,1,2,.500,0,1,1,4,0,0,0,2,12,-3,.551,.550,.600,.200,0.0,5.3,3.0,28.3,0.0,0.0,0.0,25.0,128,103
29,12/15/2018,LAL,0,Tyson Chandler\chandty01,16:29,1,1,1.000,0,0,,1,2,.500,1,4,5,0,0,1,1,5,3,+9,.798,1.000,.000,2.000,7.5,22.8,16.2,0.0,0.0,4.6,34.7,7.1,108,95
29,12/15/2018,LAL,0,Ivica Zubac\zubaciv01,11:35,3,4,.750,0,0,,0,0,,0,1,1,0,0,0,0,0,6,+1,.750,.750,.000,.000,0.0,8.1,4.6,0.0,0.0,0.0,0.0,14.1,144,103
29,12/15/2018,LAL,0,Moritz Wagner\wagnemo01,6:54,2,4,.500,1,2,.500,0,0,,0,3,3,0,0,0,0,1,5,-8,.625,.625,.500,.000,0.0,40.9,23.2,0.0,0.0,0.0,0.0,23.7,119,95
29,12/15/2018,LAL,0,Isaac Bonga\bongais01,6:25,1,3,.333,0,0,,0,0,,1,0,1,1,2,0,0,1,2,-6,.333,.333,.000,.000,19.2,0.0,8.3,18.0,14.1,0.0,0.0,19.1,107,74
29,12/15/2018,LAL,0,Michael Beasley\beaslmi01,Not With Team,Not With Team,Not With Team,Not With Team,Not With Team,Not With Team,Not With Team,Not With Team,Not With Team,Not With Team,Not With Team,Not With Team,Not With Team,Not With Team,Not With Team,Not With Team,Not With Team,Not With Team,Not With Team,Not With Team,Not With Team,Not With Team,Not With Team,Not With Team,Not With Team,Not With Team,Not With Team,Not With Team,Not With Team,Not With Team,Not With Team,Not With Team,Not With Team,Not With Team
30,12/16/2018,LAL,0,Lonzo Ball\balllo01,34:27,4,11,.364,2,7,.286,0,0,,0,5,5,4,3,2,4,1,10,-24,.455,.455,.636,.000,0.0,13.9,7.4,14.5,3.8,3.7,26.7,17.3,76,110
30,12/16/2018,LAL,0,LeBron James\jamesle01,32:00,5,16,.313,0,2,.000,3,6,.500,0,6,6,3,0,1,4,0,13,-21,.349,.313,.125,.375,0.0,18.0,9.6,12.3,0.0,2.0,17.7,28.1,66,118
30,12/16/2018,LAL,0,Kyle Kuzma\kuzmaky01,28:37,9,15,.600,0,4,.000,2,2,1.000,2,4,6,3,1,1,6,4,20,-22,.630,.600,.267,.133,7.6,13.4,10.7,17.4,1.5,2.2,27.4,30.4,95,116
30,12/16/2018,LAL,0,Josh Hart\hartjo01,20:30,2,10,.200,0,5,.000,0,0,,0,0,0,0,0,1,0,2,4,-26,.200,.200,.500,.000,0.0,0.0,0.0,0.0,0.0,3.1,0.0,19.4,43,123
30,12/16/2018,LAL,0,Tyson Chandler\chandty01,19:37,1,3,.333,0,0,,0,0,,3,4,7,0,2,1,1,0,2,-29,.333,.333,.000,.000,16.7,19.6,18.2,0.0,4.4,3.3,25.0,8.1,86,107
30,12/16/2018,LAL,0,Sviatoslav Mykhailiuk\mykhasv01,27:30,2,6,.333,0,3,.000,1,1,1.000,0,3,3,1,2,0,3,0,5,+8,.388,.333,.500,.167,0.0,10.5,5.6,4.3,3.2,0.0,31.8,13.6,58,115
30,12/16/2018,LAL,0,Kentavious Caldwell-Pope\caldwke01,27:29,9,12,.750,4,6,.667,3,3,1.000,1,5,6,5,1,0,0,1,25,-1,.938,.917,.500,.250,4.0,17.5,11.1,30.9,1.6,0.0,0.0,19.2,191,116
30,12/16/2018,LAL,0,Lance Stephenson\stephla01,22:46,4,8,.500,3,6,.500,1,4,.250,1,3,4,5,1,0,3,4,12,+8,.615,.688,.750,.500,4.8,12.7,9.0,29.6,1.9,0.0,23.5,22.2,106,117
30,12/16/2018,LAL,0,Moritz Wagner\wagnemo01,16:35,5,7,.714,2,3,.667,0,0,,1,2,3,1,0,0,1,1,12,+11,.857,.857,.429,.000,6.6,11.6,9.2,9.8,0.0,0.0,12.5,19.1,143,122
30,12/16/2018,LAL,0,Ivica Zubac\zubaciv01,6:35,2,2,1.000,0,0,,0,0,,0,2,2,1,0,0,0,0,4,+6,1.000,1.000,.000,.000,0.0,29.2,15.5,24.8,0.0,0.0,0.0,12.1,204,117
30,12/16/2018,LAL,0,Isaac Bonga\bongais01,3:54,1,1,1.000,0,0,,1,2,.500,0,1,1,1,0,0,0,0,3,0,.798,1.000,.000,2.000,0.0,24.6,13.1,38.8,0.0,0.0,0.0,19.1,171,118
30,12/16/2018,LAL,0,Michael Beasley\beaslmi01,Did Not Dress,Did Not Dress,Did Not Dress,Did Not Dress,Did Not Dress,Did Not Dress,Did Not Dress,Did Not Dress,Did Not Dress,Did Not Dress,Did Not Dress,Did Not Dress,Did Not Dress,Did Not Dress,Did Not Dress,Did Not Dress,Did Not Dress,Did Not Dress,Did Not Dress,Did Not Dress,Did Not Dress,Did Not Dress,Did Not Dress,Did Not Dress,Did Not Dress,Did Not Dress,Did Not Dress,Did Not Dress,Did Not Dress,Did Not Dress,Did Not Dress,Did Not Dress,Did Not Dress,Did Not Dress
31,12/18/2018,LAL,0,Kyle Kuzma\kuzmaky01,42:36,9,21,.429,2,8,.250,2,2,1.000,0,11,11,3,1,0,3,0,22,-1,.503,.476,.381,.095,0.0,28.2,14.1,10.6,1.1,0.0,12.1,24.6,94,111
31,12/18/2018,LAL,0,LeBron James\jamesle01,41:12,13,23,.565,2,7,.286,8,13,.615,1,12,13,8,1,1,5,1,36,+4,.627,.609,.304,.565,2.6,31.8,17.2,34.7,1.1,2.0,14.8,34.4,117,109
31,12/18/2018,LAL,0,Lonzo Ball\balllo01,39:25,9,16,.563,5,9,.556,0,2,.000,2,4,6,3,2,0,3,6,23,-8,.681,.719,.563,.125,5.5,11.1,8.3,11.8,2.3,0.0,15.1,21.2,118,109
31,12/18/2018,LAL,0,Josh Hart\hartjo01,34:22,2,10,.200,1,5,.200,1,2,.500,2,3,5,1,1,0,0,0,6,-5,.276,.250,.500,.200,6.3,9.5,7.9,3.6,1.3,0.0,0.0,13.3,75,112
31,12/18/2018,LAL,0,Tyson Chandler\chandty01,17:08,2,2,1.000,0,0,,1,2,.500,2,2,4,3,0,2,0,2,5,-3,.868,1.000,.000,1.000,12.7,12.7,12.7,23.1,0.0,9.8,0.0,7.1,195,105
31,12/18/2018,LAL,0,Kentavious Caldwell-Pope\caldwke01,37:30,3,7,.429,0,4,.000,0,0,,1,4,5,2,1,0,1,3,6,+1,.429,.429,.571,.000,2.9,11.6,7.3,6.7,1.2,0.0,12.5,9.0,92,112
31,12/18/2018,LAL,0,Lance Stephenson\stephla01,11:52,3,7,.429,2,4,.500,0,0,,0,3,3,0,0,0,1,2,8,-10,.571,.571,.571,.000,0.0,27.6,13.8,0.0,0.0,0.0,12.5,28.4,94,113
31,12/18/2018,LAL,0,Moritz Wagner\wagnemo01,8:00,1,2,.500,1,2,.500,1,2,.500,0,1,1,0,0,0,0,2,4,-9,.694,.750,1.000,1.000,0.0,13.6,6.8,0.0,0.0,0.0,0.0,15.1,137,114
31,12/18/2018,LAL,0,Sviatoslav Mykhailiuk\mykhasv01,5:30,0,1,.000,0,1,.000,0,0,,0,0,0,0,0,0,1,1,0,+3,.000,.000,1.000,.000,0.0,0.0,0.0,0.0,0.0,0.0,50.0,15.3,0,115
31,12/18/2018,LAL,0,Ivica Zubac\zubaciv01,2:25,0,1,.000,0,0,,0,0,,0,0,0,1,0,1,0,2,0,+3,.000,.000,.000,.000,0.0,0.0,0.0,47.3,0.0,34.8,0.0,17.4,56,78
31,12/18/2018,LAL,0,Michael Beasley\beaslmi01,Not With Team,Not With Team,Not With Team,Not With Team,Not With Team,Not With Team,Not With Team,Not With Team,Not With Team,Not With Team,Not With Team,Not With Team,Not With Team,Not With Team,Not With Team,Not With Team,Not With Team,Not With Team,Not With Team,Not With Team,Not With Team,Not With Team,Not With Team,Not With Team,Not With Team,Not With Team,Not With Team,Not With Team,Not With Team,Not With Team,Not With Team,Not With Team,Not With Team,Not With Team
31,12/18/2018,LAL,0,JaVale McGee\mcgeeja01,Not With Team,Not With Team,Not With Team,Not With Team,Not With Team,Not With Team,Not With Team,Not With Team,Not With Team,Not With Team,Not With Team,Not With Team,Not With Team,Not With Team,Not With Team,Not With Team,Not With Team,Not With Team,Not With Team,Not With Team,Did Not Play,Did Not Play,Did Not Play,Did Not Play,Did Not Play,Did Not Play,Did Not Play,Did Not Play,Did Not Play,Did Not Play,Did Not Play,Did Not Play,Did Not Play,Did Not Play
31,12/18/2018,LAL,0,Isaac Bonga\bongais01,Did Not Play,Did Not Play,Did Not Play,Did Not Play,Did Not Play,Did Not Play,Did Not Play,Did Not Play,Did Not Play,Did Not Play,Did Not Play,Did Not Play,Did Not Play,Did Not Play,Did Not Play,Did Not Play,Did Not Play,Did Not Play,Did Not Play,Did Not Play,Not With Team,Not With Team,Not With Team,Not With Team,Not With Team,Not With Team,Not With Team,Not With Team,Not With Team,Not With Team,Not With Team,Not With Team,Not With Team,Not With Team
32,12/21/2018,LAL,1,LeBron James\jamesle01,38:45,8,20,.400,0,4,.000,6,9,.667,2,10,12,14,2,0,2,3,22,+13,.459,.400,.200,.450,5.3,22.9,14.7,52.4,2.4,0.0,7.7,28.0,110,95
32,12/21/2018,LAL,1,Kyle Kuzma\kuzmaky01,37:23,8,15,.533,3,8,.375,4,5,.800,0,3,3,1,1,0,0,2,23,+14,.669,.633,.533,.333,0.0,7.1,3.8,3.9,1.2,0.0,0.0,19.2,132,104
32,12/21/2018,LAL,1,Brandon Ingram\ingrabr01,32:43,6,14,.429,0,2,.000,6,8,.750,2,5,7,2,1,0,2,1,18,+16,.514,.429,.143,.571,6.2,13.6,10.2,8.6,1.4,0.0,10.2,24.9,102,101
32,12/21/2018,LAL,1,Ivica Zubac\zubaciv01,32:16,8,10,.800,0,0,,0,0,,2,9,11,0,2,2,1,5,16,+15,.800,.800,.000,.000,6.3,24.8,16.2,0.0,2.8,4.0,9.1,14.2,139,90
32,12/21/2018,LAL,1,Lonzo Ball\balllo01,26:09,5,10,.500,2,6,.333,0,0,,1,4,5,2,0,0,2,2,12,+18,.600,.600,.600,.000,3.9,13.6,9.1,10.9,0.0,0.0,16.7,19.2,101,104
32,12/21/2018,LAL,1,Rajon Rondo\rondora01,21:51,3,10,.300,0,4,.000,2,3,.667,0,4,4,9,0,0,2,1,8,-10,.353,.300,.400,.300,0.0,16.3,8.7,54.3,0.0,0.0,15.0,25.4,89,103
32,12/21/2018,LAL,1,Josh Hart\hartjo01,19:52,2,5,.400,2,4,.500,0,0,,0,1,1,0,0,0,1,0,6,-11,.600,.600,.800,.000,0.0,4.5,2.4,0.0,0.0,0.0,16.7,12.6,90,108
32,12/21/2018,LAL,1,Tyson Chandler\chandty01,15:44,1,2,.500,0,0,,0,0,,1,2,3,0,1,2,1,1,2,-7,.500,.500,.000,.000,6.5,11.3,9.1,0.0,2.9,8.1,33.3,8.0,79,92
32,12/21/2018,LAL,1,Kentavious Caldwell-Pope\caldwke01,15:17,2,6,.333,1,4,.250,0,0,,0,2,2,0,0,0,1,2,5,-8,.417,.417,.667,.000,0.0,11.6,6.2,0.0,0.0,0.0,14.3,19.1,68,104
32,12/21/2018,LAL,1,JaVale McGee\mcgeeja01,Not With Team,Not With Team,Not With Team,Not With Team,Not With Team,Not With Team,Not With Team,Not With Team,Not With Team,Not With Team,Not With Team,Not With Team,Not With Team,Not With Team,Not With Team,Not With Team,Not With Team,Not With Team,Not With Team,Not With Team,Did Not Play,Did Not Play,Did Not Play,Did Not Play,Did Not Play,Did Not Play,Did Not Play,Did Not Play,Did Not Play,Did Not Play,Did Not Play,Did Not Play,Did Not Play,Did Not Play
32,12/21/2018,LAL,1,Moritz Wagner\wagnemo01,Did Not Play,Did Not Play,Did Not Play,Did Not Play,Did Not Play,Did Not Play,Did Not Play,Did Not Play,Did Not Play,Did Not Play,Did Not Play,Did Not Play,Did Not Play,Did Not Play,Did Not Play,Did Not Play,Did Not Play,Did Not Play,Did Not Play,Did Not Play,Did Not Play,Did Not Play,Did Not Play,Did Not Play,Did Not Play,Did Not Play,Did Not Play,Did Not Play,Did Not Play,Did Not Play,Did Not Play,Did Not Play,Did Not Play,Did Not Play
32,12/21/2018,LAL,1,Sviatoslav Mykhailiuk\mykhasv01,Did Not Play,Did Not Play,Did Not Play,Did Not Play,Did Not Play,Did Not Play,Did Not Play,Did Not Play,Did Not Play,Did Not Play,Did Not Play,Did Not Play,Did Not Play,Did Not Play,Did Not Play,Did Not Play,Did Not Play,Did Not Play,Did Not Play,Did Not Play,Not With Team,Not With Team,Not With Team,Not With Team,Not With Team,Not With Team,Not With Team,Not With Team,Not With Team,Not With Team,Not With Team,Not With Team,Not With Team,Not With Team
32,12/21/2018,LAL,1,Lance Stephenson\stephla01,Did Not Play,Did Not Play,Did Not Play,Did Not Play,Did Not Play,Did Not Play,Did Not Play,Did Not Play,Did Not Play,Did Not Play,Did Not Play,Did Not Play,Did Not Play,Did Not Play,Did Not Play,Did Not Play,Did Not Play,Did Not Play,Did Not Play,Did Not Play,Did Not Play,Did Not Play,Did Not Play,Did Not Play,Did Not Play,Did Not Play,Did Not Play,Did Not Play,Did Not Play,Did Not Play,Did Not Play,Did Not Play,Did Not Play,Did Not Play
33,12/23/2018,LAL,1,Brandon Ingram\ingrabr01,37:29,8,15,.533,1,3,.333,3,6,.500,0,4,4,3,0,0,2,2,20,-2,.567,.567,.200,.400,0.0,11.6,6.1,14.4,0.0,0.0,10.2,25.0,102,121
33,12/23/2018,LAL,1,Kyle Kuzma\kuzmaky01,37:11,3,8,.375,2,6,.333,3,6,.500,0,6,6,6,0,0,3,3,11,-8,.517,.500,.750,.750,0.0,17.6,9.2,23.4,0.0,0.0,22.0,17.5,95,119
33,12/23/2018,LAL,1,LeBron James\jamesle01,35:37,8,14,.571,2,5,.400,4,4,1.000,1,13,14,7,1,1,4,0,22,-3,.698,.643,.357,.286,3.4,39.8,22.5,36.0,1.4,2.1,20.2,26.5,119,109
33,12/23/2018,LAL,1,Ivica Zubac\zubaciv01,32:53,8,12,.667,0,0,,3,4,.750,1,3,4,1,0,4,1,3,19,+13,.690,.667,.000,.333,3.6,10.0,7.0,5.8,0.0,9.1,6.8,21.4,127,112
33,12/23/2018,LAL,1,Lonzo Ball\balllo01,27:17,2,10,.200,0,7,.000,0,0,,0,3,3,2,3,2,2,2,4,+1,.200,.200,.700,.000,0.0,12.0,6.3,10.5,5.6,5.5,16.7,21.0,44,102
33,12/23/2018,LAL,1,Josh Hart\hartjo01,26:41,3,7,.429,3,6,.500,2,2,1.000,1,2,3,3,0,1,0,1,11,-8,.698,.643,.857,.286,4.5,8.2,6.4,17.1,0.0,2.8,0.0,14.1,148,119
33,12/23/2018,LAL,1,Kentavious Caldwell-Pope\caldwke01,19:07,4,5,.800,2,3,.667,0,0,,0,1,1,1,1,0,0,2,10,-8,1.000,1.000,.600,.000,0.0,5.7,3.0,9.3,2.7,0.0,0.0,12.5,183,116
33,12/23/2018,LAL,1,Rajon Rondo\rondora01,18:24,1,2,.500,0,0,,0,0,,1,2,3,4,1,0,3,2,2,-6,.500,.500,.000,.000,6.5,11.9,9.3,30.3,2.8,0.0,60.0,13.0,80,114
33,12/23/2018,LAL,1,Moritz Wagner\wagnemo01,4:06,0,2,.000,0,0,,0,0,,2,1,3,0,0,0,1,1,0,-15,.000,.000,.000,.000,58.5,26.6,41.8,0.0,0.0,0.0,33.3,34.9,48,116
33,12/23/2018,LAL,1,Lance Stephenson\stephla01,1:15,0,0,,0,0,,0,0,,0,0,0,0,0,0,0,0,0,-4,,,,,0.0,0.0,0.0,0.0,0.0,0.0,,0.0,0,124
33,12/23/2018,LAL,1,Tyson Chandler\chandty01,Did Not Dress,Did Not Dress,Did Not Dress,Did Not Dress,Did Not Dress,Did Not Dress,Did Not Dress,Did Not Dress,Did Not Dress,Did Not Dress,Did Not Dress,Did Not Dress,Did Not Dress,Did Not Dress,Did Not Dress,Did Not Dress,Did Not Dress,Did Not Dress,Did Not Dress,Did Not Dress,Did Not Play,Did Not Play,Did Not Play,Did Not Play,Did Not Play,Did Not Play,Did Not Play,Did Not Play,Did Not Play,Did Not Play,Did Not Play,Did Not Play,Did Not Play,Did Not Play
33,12/23/2018,LAL,1,Sviatoslav Mykhailiuk\mykhasv01,Did Not Play,Did Not Play,Did Not Play,Did Not Play,Did Not Play,Did Not Play,Did Not Play,Did Not Play,Did Not Play,Did Not Play,Did Not Play,Did Not Play,Did Not Play,Did Not Play,Did Not Play,Did Not Play,Did Not Play,Did Not Play,Did Not Play,Did Not Play,Did Not Dress,Did Not Dress,Did Not Dress,Did Not Dress,Did Not Dress,Did Not Dress,Did Not Dress,Did Not Dress,Did Not Dress,Did Not Dress,Did Not Dress,Did Not Dress,Did Not Dress,Did Not Dress
33,12/23/2018,LAL,1,JaVale McGee\mcgeeja01,Did Not Dress,Did Not Dress,Did Not Dress,Did Not Dress,Did Not Dress,Did Not Dress,Did Not Dress,Did Not Dress,Did Not Dress,Did Not Dress,Did Not Dress,Did Not Dress,Did Not Dress,Did Not Dress,Did Not Dress,Did Not Dress,Did Not Dress,Did Not Dress,Did Not Dress,Did Not Dress,Did Not Dress,Did Not Dress,Did Not Dress,Did Not Dress,Did Not Dress,Did Not Dress,Did Not Dress,Did Not Dress,Did Not Dress,Did Not Dress,Did Not Dress,Did Not Dress,Did Not Dress,Did Not Dress
34,12/25/2018,LAL,0,Kyle Kuzma\kuzmaky01,31:24,6,14,.429,2,6,.333,5,7,.714,0,6,6,1,0,0,1,3,19,+5,.556,.500,.429,.500,0.0,18.3,10.7,4.0,0.0,0.0,5.5,25.4,108,100
34,12/25/2018,LAL,0,Ivica Zubac\zubaciv01,30:40,9,10,.900,0,0,,0,0,,3,8,11,2,0,2,1,3,18,+25,.900,.900,.000,.000,13.0,25.0,20.0,9.5,0.0,5.5,9.1,15.8,168,94
34,12/25/2018,LAL,0,Lonzo Ball\balllo01,24:11,2,6,.333,1,4,.250,1,2,.500,0,3,3,4,0,0,2,2,6,+2,.436,.417,.667,.333,0.0,11.9,6.9,18.5,0.0,0.0,22.5,16.2,89,101
34,12/25/2018,LAL,0,Brandon Ingram\ingrabr01,24:09,4,9,.444,1,3,.333,5,6,.833,0,2,2,2,0,0,2,4,14,+13,.601,.500,.333,.667,0.0,8.0,4.6,10.2,0.0,0.0,14.7,24.9,110,102
34,12/25/2018,LAL,0,LeBron James\jamesle01,21:15,6,11,.545,0,2,.000,5,8,.625,2,11,13,5,1,0,2,1,17,+5,.585,.545,.182,.727,12.5,49.7,34.1,33.8,2.2,0.0,12.1,34.3,122,89
34,12/25/2018,LAL,0,Josh Hart\hartjo01,28:58,4,9,.444,2,6,.333,2,2,1.000,0,1,1,0,1,1,3,0,12,+20,.607,.556,.667,.222,0.0,3.3,1.9,0.0,1.6,2.9,23.3,19.6,88,97
34,12/25/2018,LAL,0,Kentavious Caldwell-Pope\caldwke01,25:44,4,6,.667,1,3,.333,0,0,,0,3,3,1,1,0,1,2,9,+18,.750,.750,.500,.000,0.0,11.2,6.5,4.7,1.8,0.0,14.3,12.0,123,98
34,12/25/2018,LAL,0,Rajon Rondo\rondora01,23:00,6,11,.545,1,3,.333,2,2,1.000,0,5,5,10,0,0,0,2,15,+24,.631,.591,.273,.182,0.0,20.9,12.1,60.5,0.0,0.0,0.0,22.8,154,100
34,12/25/2018,LAL,0,Tyson Chandler\chandty01,15:30,0,1,.000,0,0,,0,0,,1,3,4,0,2,0,0,2,0,-2,.000,.000,.000,.000,8.6,18.6,14.4,0.0,6.0,0.0,0.0,2.8,79,87
34,12/25/2018,LAL,0,Lance Stephenson\stephla01,11:29,4,6,.667,3,4,.750,0,0,,0,1,1,0,0,0,0,1,11,+14,.917,.917,.667,.000,0.0,8.4,4.9,0.0,0.0,0.0,0.0,23.0,162,102
34,12/25/2018,LAL,0,Sviatoslav Mykhailiuk\mykhasv01,1:50,2,2,1.000,2,2,1.000,0,0,,0,0,0,0,0,0,0,0,6,+3,1.500,1.500,1.000,.000,0.0,0.0,0.0,0.0,0.0,0.0,0.0,48.1,300,104
34,12/25/2018,LAL,0,Moritz Wagner\wagnemo01,1:50,0,0,,0,0,,0,0,,0,0,0,2,0,0,0,0,0,+3,,,,,0.0,0.0,0.0,100.0,0.0,0.0,,0.0,228,104
34,12/25/2018,LAL,0,JaVale McGee\mcgeeja01,Not With Team,Not With Team,Not With Team,Not With Team,Not With Team,Not With Team,Not With Team,Not With Team,Not With Team,Not With Team,Not With Team,Not With Team,Not With Team,Not With Team,Not With Team,Not With Team,Not With Team,Not With Team,Not With Team,Not With Team,Not With Team,Not With Team,Not With Team,Not With Team,Not With Team,Not With Team,Not With Team,Not With Team,Not With Team,Not With Team,Not With Team,Not With Team,Not With Team,Not With Team
35,12/27/2018,LAL,0,Kyle Kuzma\kuzmaky01,40:02,12,24,.500,2,8,.250,7,9,.778,0,9,9,4,0,0,6,2,33,-13,.590,.542,.333,.375,0.0,20.4,11.5,15.7,0.0,0.0,17.7,35.4,102,113
35,12/27/2018,LAL,0,Brandon Ingram\ingrabr01,37:36,8,19,.421,1,4,.250,5,8,.625,2,1,3,2,1,2,5,1,22,+7,.488,.447,.211,.421,6.2,2.4,4.1,7.3,1.2,3.5,18.2,30.5,88,115
35,12/27/2018,LAL,0,Lonzo Ball\balllo01,36:50,8,13,.615,4,6,.667,0,0,,0,9,9,12,2,1,2,0,20,+3,.769,.769,.462,.000,0.0,22.1,12.5,45.2,2.5,1.8,13.3,17.0,149,106
35,12/27/2018,LAL,0,Josh Hart\hartjo01,32:53,4,8,.500,2,3,.667,0,0,,0,4,4,2,3,1,0,4,10,-13,.625,.625,.375,.000,0.0,11.0,6.2,7.5,4.2,2.0,0.0,10.1,133,106
35,12/27/2018,LAL,0,Ivica Zubac\zubaciv01,20:14,3,8,.375,0,0,,0,0,,2,3,5,0,0,1,1,2,6,-8,.375,.375,.000,.000,11.6,13.4,12.6,0.0,0.0,3.3,11.1,18.5,81,114
35,12/27/2018,LAL,0,Kentavious Caldwell-Pope\caldwke01,27:58,2,4,.500,0,0,,0,1,.000,1,2,3,2,0,0,0,3,4,+7,.450,.500,.000,.250,4.2,6.5,5.5,8.3,0.0,0.0,0.0,6.6,117,118
35,12/27/2018,LAL,0,Tyson Chandler\chandty01,20:46,4,4,1.000,0,0,,3,4,.750,3,7,10,0,0,0,3,3,11,+7,.955,1.000,.000,1.000,16.9,30.5,24.6,0.0,0.0,0.0,34.2,17.6,125,109
35,12/27/2018,LAL,0,Lance Stephenson\stephla01,19:10,4,8,.500,1,4,.250,1,1,1.000,0,2,2,3,1,0,0,2,10,+9,.592,.563,.500,.125,0.0,9.5,5.3,21.5,2.4,0.0,0.0,18.4,133,112
35,12/27/2018,LAL,0,Alex Caruso\carusal01,3:40,0,0,,0,0,,0,0,,1,0,1,0,0,0,0,1,0,-2,,,,,31.9,0.0,13.9,0.0,0.0,0.0,,0.0,217,121
35,12/27/2018,LAL,0,Sviatoslav Mykhailiuk\mykhasv01,0:48,0,0,,0,0,,0,0,,0,0,0,0,0,0,0,1,0,-2,,,,,0.0,0.0,0.0,0.0,0.0,0.0,,0.0,0,119
35,12/27/2018,LAL,0,Moritz Wagner\wagnemo01,Did Not Play,Did Not Play,Did Not Play,Did Not Play,Did Not Play,Did Not Play,Did Not Play,Did Not Play,Did Not Play,Did Not Play,Did Not Play,Did Not Play,Did Not Play,Did Not Play,Did Not Play,Did Not Play,Did Not Play,Did Not Play,Did Not Play,Did Not Play,Did Not Play,Did Not Play,Did Not Play,Did Not Play,Did Not Play,Did Not Play,Did Not Play,Did Not Play,Did Not Play,Did Not Play,Did Not Play,Did Not Play,Did Not Play,Did Not Play
35,12/27/2018,LAL,0,JaVale McGee\mcgeeja01,Did Not Play,Did Not Play,Did Not Play,Did Not Play,Did Not Play,Did Not Play,Did Not Play,Did Not Play,Did Not Play,Did Not Play,Did Not Play,Did Not Play,Did Not Play,Did Not Play,Did Not Play,Did Not Play,Did Not Play,Did Not Play,Did Not Play,Did Not Play,Did Not Play,Did Not Play,Did Not Play,Did Not Play,Did Not Play,Did Not Play,Did Not Play,Did Not Play,Did Not Play,Did Not Play,Did Not Play,Did Not Play,Did Not Play,Did Not Play
35,12/27/2018,LAL,0,Johnathan Williams\willijo04,Did Not Play,Did Not Play,Did Not Play,Did Not Play,Did Not Play,Did Not Play,Did Not Play,Did Not Play,Did Not Play,Did Not Play,Did Not Play,Did Not Play,Did Not Play,Did Not Play,Did Not Play,Did Not Play,Did Not Play,Did Not Play,Did Not Play,Did Not Play,Did Not Play,Did Not Play,Did Not Play,Did Not Play,Did Not Play,Did Not Play,Did Not Play,Did Not Play,Did Not Play,Did Not Play,Did Not Play,Did Not Play,Did Not Play,Did Not Play
36,12/28/2018,LAL,1,Lonzo Ball\balllo01,42:42,7,16,.438,3,8,.375,2,2,1.000,2,3,5,6,1,0,4,4,19,-3,.563,.531,.500,.125,4.2,6.9,5.5,24.0,1.0,0.0,19.2,19.7,101,110
36,12/28/2018,LAL,1,Kyle Kuzma\kuzmaky01,41:59,9,21,.429,0,7,.000,6,7,.857,0,9,9,5,1,0,4,3,24,+1,.498,.429,.333,.333,0.0,21.0,10.0,22.2,1.0,0.0,14.2,26.9,92,108
36,12/28/2018,LAL,1,Josh Hart\hartjo01,34:48,5,10,.500,2,4,.500,0,0,,0,6,6,3,3,0,1,1,12,-7,.600,.600,.400,.000,0.0,16.9,8.0,14.2,3.8,0.0,9.1,12.7,110,102
36,12/28/2018,LAL,1,Brandon Ingram\ingrabr01,32:52,5,12,.417,1,2,.500,6,12,.500,0,7,7,0,0,0,1,5,17,+1,.492,.458,.167,1.000,0.0,20.9,9.9,0.0,0.0,0.0,5.5,22.4,93,110
36,12/28/2018,LAL,1,Ivica Zubac\zubaciv01,19:12,1,8,.125,0,0,,5,5,1.000,2,0,2,3,0,1,2,3,7,-14,.343,.125,.000,.625,9.3,0.0,4.9,22.4,0.0,3.5,16.4,25.5,80,110
36,12/28/2018,LAL,1,Kentavious Caldwell-Pope\caldwke01,26:03,4,8,.500,3,5,.600,3,3,1.000,0,4,4,1,0,0,1,1,14,-23,.751,.688,.625,.375,0.0,15.0,7.2,6.4,0.0,0.0,9.7,15.9,130,111
36,12/28/2018,LAL,1,Tyson Chandler\chandty01,23:39,2,4,.500,0,0,,2,6,.333,3,12,15,3,0,1,0,1,6,+1,.452,.500,.000,1.500,11.3,49.7,29.6,19.1,0.0,2.8,0.0,11.3,122,102
36,12/28/2018,LAL,1,Lance Stephenson\stephla01,17:19,3,8,.375,2,4,.500,0,0,,1,1,2,2,0,0,4,3,8,-7,.500,.500,.500,.000,5.1,5.7,5.4,20.0,0.0,0.0,33.3,27.9,71,113
36,12/28/2018,LAL,1,Alex Caruso\carusal01,1:26,0,0,,0,0,,0,0,,0,0,0,0,0,0,0,1,0,-4,,,,,0.0,0.0,0.0,0.0,0.0,0.0,,0.0,0,114
36,12/28/2018,LAL,1,Sviatoslav Mykhailiuk\mykhasv01,Did Not Play,Did Not Play,Did Not Play,Did Not Play,Did Not Play,Did Not Play,Did Not Play,Did Not Play,Did Not Play,Did Not Play,Did Not Play,Did Not Play,Did Not Play,Did Not Play,Did Not Play,Did Not Play,Did Not Play,Did Not Play,Did Not Play,Did Not Play,Did Not Play,Did Not Play,Did Not Play,Did Not Play,Did Not Play,Did Not Play,Did Not Play,Did Not Play,Did Not Play,Did Not Play,Did Not Play,Did Not Play,Did Not Play,Did Not Play
36,12/28/2018,LAL,1,Johnathan Williams\willijo04,Did Not Play,Did Not Play,Did Not Play,Did Not Play,Did Not Play,Did Not Play,Did Not Play,Did Not Play,Did Not Play,Did Not Play,Did Not Play,Did Not Play,Did Not Play,Did Not Play,Did Not Play,Did Not Play,Did Not Play,Did Not Play,Did Not Play,Did Not Play,Did Not Play,Did Not Play,Did Not Play,Did Not Play,Did Not Play,Did Not Play,Did Not Play,Did Not Play,Did Not Play,Did Not Play,Did Not Play,Did Not Play,Did Not Play,Did Not Play
36,12/28/2018,LAL,1,Isaac Bonga\bongais01,Did Not Play,Did Not Play,Did Not Play,Did Not Play,Did Not Play,Did Not Play,Did Not Play,Did Not Play,Did Not Play,Did Not Play,Did Not Play,Did Not Play,Did Not Play,Did Not Play,Did Not Play,Did Not Play,Did Not Play,Did Not Play,Did Not Play,Did Not Play,Did Not Play,Did Not Play,Did Not Play,Did Not Play,Did Not Play,Did Not Play,Did Not Play,Did Not Play,Did Not Play,Did Not Play,Did Not Play,Did Not Play,Did Not Play,Did Not Play
36,12/28/2018,LAL,1,Moritz Wagner\wagnemo01,Did Not Play,Did Not Play,Did Not Play,Did Not Play,Did Not Play,Did Not Play,Did Not Play,Did Not Play,Did Not Play,Did Not Play,Did Not Play,Did Not Play,Did Not Play,Did Not Play,Did Not Play,Did Not Play,Did Not Play,Did Not Play,Did Not Play,Did Not Play,Did Not Play,Did Not Play,Did Not Play,Did Not Play,Did Not Play,Did Not Play,Did Not Play,Did Not Play,Did Not Play,Did Not Play,Did Not Play,Did Not Play,Did Not Play,Did Not Play
37,12/30/2018,LAL,1,Kyle Kuzma\kuzmaky01,40:14,5,17,.294,4,10,.400,4,4,1.000,1,8,9,6,0,0,2,3,18,+2,.480,.412,.588,.235,2.5,20.3,11.3,17.4,0.0,0.0,9.6,20.5,107,113
37,12/30/2018,LAL,1,Josh Hart\hartjo01,39:34,8,14,.571,3,8,.375,3,5,.600,0,7,7,3,2,0,2,3,22,+18,.679,.679,.571,.357,0.0,18.1,8.9,9.8,2.3,0.0,11.0,18.3,123,108
37,12/30/2018,LAL,1,Brandon Ingram\ingrabr01,39:10,9,13,.692,1,3,.333,2,4,.500,1,6,7,9,1,2,3,1,21,+16,.711,.731,.231,.308,2.6,15.6,9.0,30.7,1.2,4.0,16.9,18.0,132,108
37,12/30/2018,LAL,1,Lonzo Ball\balllo01,31:21,6,14,.429,1,6,.167,0,4,.000,0,2,2,6,0,0,2,1,13,-20,.412,.464,.429,.286,0.0,6.5,3.2,24.3,0.0,0.0,11.3,22.5,89,116
37,12/30/2018,LAL,1,JaVale McGee\mcgeeja01,23:30,4,8,.500,0,0,,0,0,,3,9,12,1,2,1,1,1,8,+7,.500,.500,.000,.000,12.8,39.1,25.8,5.3,3.9,3.3,11.1,15.2,108,97
37,12/30/2018,LAL,1,Kentavious Caldwell-Pope\caldwke01,28:28,9,21,.429,5,13,.385,3,3,1.000,1,2,3,1,2,0,1,4,26,+19,.582,.548,.619,.143,3.5,7.2,5.3,5.3,3.2,0.0,4.3,32.6,116,108
37,12/30/2018,LAL,1,Tyson Chandler\chandty01,16:27,3,5,.600,0,1,.000,0,0,,5,3,8,2,0,1,3,2,6,+2,.600,.600,.200,.000,30.4,18.6,24.6,15.3,0.0,4.8,37.5,19.3,105,109
37,12/30/2018,LAL,1,Sviatoslav Mykhailiuk\mykhasv01,9:15,0,1,.000,0,1,.000,0,0,,0,0,0,1,0,0,0,0,0,+1,.000,.000,1.000,.000,0.0,0.0,0.0,11.0,0.0,0.0,0.0,4.3,61,117
37,12/30/2018,LAL,1,Lance Stephenson\stephla01,7:51,3,4,.750,1,2,.500,0,0,,1,1,2,1,0,0,0,1,7,-4,.875,.875,.500,.000,12.7,13.0,12.9,21.3,0.0,0.0,0.0,20.2,177,115
37,12/30/2018,LAL,1,Johnathan Williams\willijo04,4:10,0,1,.000,0,0,,0,0,,0,0,0,0,0,1,0,1,0,-6,.000,.000,.000,.000,0.0,0.0,0.0,0.0,0.0,18.9,0.0,9.5,0,101
37,12/30/2018,LAL,1,Moritz Wagner\wagnemo01,Did Not Play,Did Not Play,Did Not Play,Did Not Play,Did Not Play,Did Not Play,Did Not Play,Did Not Play,Did Not Play,Did Not Play,Did Not Play,Did Not Play,Did Not Play,Did Not Play,Did Not Play,Did Not Play,Did Not Play,Did Not Play,Did Not Play,Did Not Play,Did Not Play,Did Not Play,Did Not Play,Did Not Play,Did Not Play,Did Not Play,Did Not Play,Did Not Play,Did Not Play,Did Not Play,Did Not Play,Did Not Play,Did Not Play,Did Not Play
37,12/30/2018,LAL,1,Ivica Zubac\zubaciv01,Did Not Play,Did Not Play,Did Not Play,Did Not Play,Did Not Play,Did Not Play,Did Not Play,Did Not Play,Did Not Play,Did Not Play,Did Not Play,Did Not Play,Did Not Play,Did Not Play,Did Not Play,Did Not Play,Did Not Play,Did Not Play,Did Not Play,Did Not Play,Did Not Play,Did Not Play,Did Not Play,Did Not Play,Did Not Play,Did Not Play,Did Not Play,Did Not Play,Did Not Play,Did Not Play,Did Not Play,Did Not Play,Did Not Play,Did Not Play
37,12/30/2018,LAL,1,Isaac Bonga\bongais01,Did Not Play,Did Not Play,Did Not Play,Did Not Play,Did Not Play,Did Not Play,Did Not Play,Did Not Play,Did Not Play,Did Not Play,Did Not Play,Did Not Play,Did Not Play,Did Not Play,Did Not Play,Did Not Play,Did Not Play,Did Not Play,Did Not Play,Did Not Play,Did Not Play,Did Not Play,Did Not Play,Did Not Play,Did Not Play,Did Not Play,Did Not Play,Did Not Play,Did Not Play,Did Not Play,Did Not Play,Did Not Play,Did Not Play,Did Not Play
38,1/2/2019,LAL,1,Brandon Ingram\ingrabr01,40:43,8,21,.381,0,2,.000,1,2,.500,1,10,11,5,0,1,4,3,17,-15,.388,.381,.095,.095,2.1,18.7,11.0,21.4,0.0,1.6,15.5,25.4,74,99
38,1/2/2019,LAL,1,Josh Hart\hartjo01,37:43,5,16,.313,1,8,.125,2,4,.500,1,14,15,2,1,1,1,5,13,-1,.366,.344,.500,.250,2.3,28.3,16.2,8.3,1.2,1.7,5.3,19.9,76,92
38,1/2/2019,LAL,1,Lonzo Ball\balllo01,35:16,1,4,.250,0,1,.000,1,5,.200,1,3,4,7,1,2,2,4,3,+4,.242,.250,.250,1.250,2.5,6.5,4.6,26.7,1.2,3.7,24.4,9.3,73,101
38,1/2/2019,LAL,1,JaVale McGee\mcgeeja01,20:18,7,16,.438,0,0,,1,3,.333,3,5,8,1,0,4,2,3,15,0,.433,.438,.000,.188,12.9,18.8,16.0,11.6,0.0,12.8,10.4,38.0,82,92
38,1/2/2019,LAL,1,Kyle Kuzma\kuzmaky01,16:02,1,4,.250,0,2,.000,2,2,1.000,0,1,1,1,3,0,3,2,4,-1,.410,.250,.500,.500,0.0,4.8,2.5,8.8,8.2,0.0,38.1,19.6,56,89
38,1/2/2019,LAL,1,Kentavious Caldwell-Pope\caldwke01,34:08,6,14,.429,5,11,.455,8,10,.800,1,2,3,2,2,0,1,2,25,-11,.679,.607,.786,.714,2.6,4.5,3.6,9.8,2.6,0.0,5.2,22.7,130,101
38,1/2/2019,LAL,1,Lance Stephenson\stephla01,21:10,1,5,.200,1,3,.333,0,0,,0,6,6,4,1,0,2,3,3,+2,.300,.300,.600,.000,0.0,21.6,11.5,26.1,2.1,0.0,28.6,13.2,63,94
38,1/2/2019,LAL,1,Tyson Chandler\chandty01,17:21,2,2,1.000,0,0,,3,4,.750,0,3,3,1,0,0,0,2,7,-4,.931,1.000,.000,2.000,0.0,13.2,7.0,8.8,0.0,0.0,0.0,8.7,195,102
38,1/2/2019,LAL,1,Ivica Zubac\zubaciv01,10:21,4,4,1.000,0,0,,0,0,,1,1,2,1,0,1,1,2,8,-3,1.000,1.000,.000,.000,8.4,7.4,7.9,25.1,0.0,6.3,20.0,19.3,146,101
38,1/2/2019,LAL,1,Sviatoslav Mykhailiuk\mykhasv01,6:58,2,3,.667,0,0,,1,2,.500,0,1,1,0,0,0,1,0,5,-6,.644,.667,.000,.667,0.0,10.9,5.8,0.0,0.0,0.0,20.5,28.0,90,104
38,1/2/2019,LAL,1,Moritz Wagner\wagnemo01,Did Not Play,Did Not Play,Did Not Play,Did Not Play,Did Not Play,Did Not Play,Did Not Play,Did Not Play,Did Not Play,Did Not Play,Did Not Play,Did Not Play,Did Not Play,Did Not Play,Did Not Play,Did Not Play,Did Not Play,Did Not Play,Did Not Play,Did Not Play,Not With Team,Not With Team,Not With Team,Not With Team,Not With Team,Not With Team,Not With Team,Not With Team,Not With Team,Not With Team,Not With Team,Not With Team,Not With Team,Not With Team
38,1/2/2019,LAL,1,Michael Beasley\beaslmi01,Not With Team,Not With Team,Not With Team,Not With Team,Not With Team,Not With Team,Not With Team,Not With Team,Not With Team,Not With Team,Not With Team,Not With Team,Not With Team,Not With Team,Not With Team,Not With Team,Not With Team,Not With Team,Not With Team,Not With Team,Did Not Play,Did Not Play,Did Not Play,Did Not Play,Did Not Play,Did Not Play,Did Not Play,Did Not Play,Did Not Play,Did Not Play,Did Not Play,Did Not Play,Did Not Play,Did Not Play
